date,product_id,quantity,month,lag_1,lag_2,lag_3,rolling_mean_3,target
2021-02-01 00:00:00+00:00,51,2,2,8.0,8.0,2.0,6.0,2
2021-03-01 00:00:00+00:00,51,10,3,2.0,8.0,8.0,6.0,10
2021-04-01 00:00:00+00:00,51,8,4,10.0,2.0,8.0,6.666666666666667,8
2021-05-01 00:00:00+00:00,51,6,5,8.0,10.0,2.0,6.666666666666667,6
2021-06-01 00:00:00+00:00,51,5,6,6.0,8.0,10.0,8.0,5
2021-07-01 00:00:00+00:00,51,13,7,5.0,6.0,8.0,6.333333333333333,13
2021-08-01 00:00:00+00:00,51,9,8,13.0,5.0,6.0,8.0,9
2021-09-01 00:00:00+00:00,51,2,9,9.0,13.0,5.0,9.0,2
2021-10-01 00:00:00+00:00,51,2,10,2.0,9.0,13.0,8.0,2
2021-11-01 00:00:00+00:00,51,7,11,2.0,2.0,9.0,4.333333333333333,7
2022-01-01 00:00:00+00:00,51,3,1,7.0,2.0,2.0,3.6666666666666665,3
2022-02-01 00:00:00+00:00,51,6,2,3.0,7.0,2.0,4.0,6
2022-03-01 00:00:00+00:00,51,3,3,6.0,3.0,7.0,5.333333333333333,3
2022-04-01 00:00:00+00:00,51,3,4,3.0,6.0,3.0,4.0,3
2022-05-01 00:00:00+00:00,51,5,5,3.0,3.0,6.0,4.0,5
2022-06-01 00:00:00+00:00,51,4,6,5.0,3.0,3.0,3.6666666666666665,4
2022-07-01 00:00:00+00:00,51,7,7,4.0,5.0,3.0,4.0,7
2022-08-01 00:00:00+00:00,51,4,8,7.0,4.0,5.0,5.333333333333333,4
2022-09-01 00:00:00+00:00,51,3,9,4.0,7.0,4.0,5.0,3
2022-10-01 00:00:00+00:00,51,15,10,3.0,4.0,7.0,4.666666666666667,15
2022-11-01 00:00:00+00:00,51,6,11,15.0,3.0,4.0,7.333333333333333,6
2022-12-01 00:00:00+00:00,51,2,12,6.0,15.0,3.0,8.0,2
2023-01-01 00:00:00+00:00,51,9,1,2.0,6.0,15.0,7.666666666666667,9
2023-02-01 00:00:00+00:00,51,2,2,9.0,2.0,6.0,5.666666666666667,2
2023-03-01 00:00:00+00:00,51,3,3,2.0,9.0,2.0,4.333333333333333,3
2023-04-01 00:00:00+00:00,51,5,4,3.0,2.0,9.0,4.666666666666667,5
2023-06-01 00:00:00+00:00,51,5,6,5.0,3.0,2.0,3.3333333333333335,5
2023-07-01 00:00:00+00:00,51,3,7,5.0,5.0,3.0,4.333333333333333,3
2023-08-01 00:00:00+00:00,51,3,8,3.0,5.0,5.0,4.333333333333333,3
2023-09-01 00:00:00+00:00,51,7,9,3.0,3.0,5.0,3.6666666666666665,7
2023-10-01 00:00:00+00:00,51,6,10,7.0,3.0,3.0,4.333333333333333,6
2023-11-01 00:00:00+00:00,51,6,11,6.0,7.0,3.0,5.333333333333333,6
2023-12-01 00:00:00+00:00,51,6,12,6.0,6.0,7.0,6.333333333333333,6
2024-01-01 00:00:00+00:00,51,7,1,6.0,6.0,6.0,6.0,7
2024-02-01 00:00:00+00:00,51,5,2,7.0,6.0,6.0,6.333333333333333,5
2024-03-01 00:00:00+00:00,51,4,3,5.0,7.0,6.0,6.0,4
2024-04-01 00:00:00+00:00,51,4,4,4.0,5.0,7.0,5.333333333333333,4
2024-05-01 00:00:00+00:00,51,5,5,4.0,4.0,5.0,4.333333333333333,5
2024-06-01 00:00:00+00:00,51,8,6,5.0,4.0,4.0,4.333333333333333,8
2024-07-01 00:00:00+00:00,51,3,7,8.0,5.0,4.0,5.666666666666667,3
2024-08-01 00:00:00+00:00,51,1,8,3.0,8.0,5.0,5.333333333333333,1
2024-09-01 00:00:00+00:00,51,1,9,1.0,3.0,8.0,4.0,1
2024-10-01 00:00:00+00:00,51,2,10,1.0,1.0,3.0,1.6666666666666667,2
2024-11-01 00:00:00+00:00,51,8,11,2.0,1.0,1.0,1.3333333333333333,8
2024-12-01 00:00:00+00:00,51,3,12,8.0,2.0,1.0,3.6666666666666665,3
2025-01-01 00:00:00+00:00,51,6,1,3.0,8.0,2.0,4.333333333333333,6
2025-02-01 00:00:00+00:00,51,2,2,6.0,3.0,8.0,5.666666666666667,2
2025-03-01 00:00:00+00:00,51,11,3,2.0,6.0,3.0,3.6666666666666665,11
2025-04-01 00:00:00+00:00,51,6,4,11.0,2.0,6.0,6.333333333333333,6
2025-05-01 00:00:00+00:00,51,2,5,6.0,11.0,2.0,6.333333333333333,2
2025-06-01 00:00:00+00:00,51,9,6,2.0,6.0,11.0,6.333333333333333,9
2025-08-01 00:00:00+00:00,51,6,8,9.0,2.0,6.0,5.666666666666667,6
2025-09-01 00:00:00+00:00,51,5,9,6.0,9.0,2.0,5.666666666666667,5
2025-10-01 00:00:00+00:00,51,2,10,5.0,6.0,9.0,6.666666666666667,2
2025-11-01 00:00:00+00:00,51,6,11,2.0,5.0,6.0,4.333333333333333,6
2021-03-01 00:00:00+00:00,52,5,3,1.0,6.0,3.0,3.3333333333333335,5
2021-04-01 00:00:00+00:00,52,7,4,5.0,1.0,6.0,4.0,7
2021-05-01 00:00:00+00:00,52,9,5,7.0,5.0,1.0,4.333333333333333,9
2021-06-01 00:00:00+00:00,52,5,6,9.0,7.0,5.0,7.0,5
2021-07-01 00:00:00+00:00,52,6,7,5.0,9.0,7.0,7.0,6
2021-08-01 00:00:00+00:00,52,6,8,6.0,5.0,9.0,6.666666666666667,6
2021-09-01 00:00:00+00:00,52,3,9,6.0,6.0,5.0,5.666666666666667,3
2021-10-01 00:00:00+00:00,52,7,10,3.0,6.0,6.0,5.0,7
2021-11-01 00:00:00+00:00,52,8,11,7.0,3.0,6.0,5.333333333333333,8
2021-12-01 00:00:00+00:00,52,9,12,8.0,7.0,3.0,6.0,9
2022-01-01 00:00:00+00:00,52,2,1,9.0,8.0,7.0,8.0,2
2022-02-01 00:00:00+00:00,52,2,2,2.0,9.0,8.0,6.333333333333333,2
2022-03-01 00:00:00+00:00,52,3,3,2.0,2.0,9.0,4.333333333333333,3
2022-04-01 00:00:00+00:00,52,8,4,3.0,2.0,2.0,2.3333333333333335,8
2022-05-01 00:00:00+00:00,52,7,5,8.0,3.0,2.0,4.333333333333333,7
2022-06-01 00:00:00+00:00,52,3,6,7.0,8.0,3.0,6.0,3
2022-07-01 00:00:00+00:00,52,5,7,3.0,7.0,8.0,6.0,5
2022-08-01 00:00:00+00:00,52,5,8,5.0,3.0,7.0,5.0,5
2022-09-01 00:00:00+00:00,52,6,9,5.0,5.0,3.0,4.333333333333333,6
2022-10-01 00:00:00+00:00,52,5,10,6.0,5.0,5.0,5.333333333333333,5
2022-11-01 00:00:00+00:00,52,5,11,5.0,6.0,5.0,5.333333333333333,5
2022-12-01 00:00:00+00:00,52,2,12,5.0,5.0,6.0,5.333333333333333,2
2023-01-01 00:00:00+00:00,52,6,1,2.0,5.0,5.0,4.0,6
2023-02-01 00:00:00+00:00,52,4,2,6.0,2.0,5.0,4.333333333333333,4
2023-03-01 00:00:00+00:00,52,12,3,4.0,6.0,2.0,4.0,12
2023-04-01 00:00:00+00:00,52,8,4,12.0,4.0,6.0,7.333333333333333,8
2023-06-01 00:00:00+00:00,52,12,6,8.0,12.0,4.0,8.0,12
2023-07-01 00:00:00+00:00,52,3,7,12.0,8.0,12.0,10.666666666666666,3
2023-08-01 00:00:00+00:00,52,9,8,3.0,12.0,8.0,7.666666666666667,9
2023-09-01 00:00:00+00:00,52,3,9,9.0,3.0,12.0,8.0,3
2023-10-01 00:00:00+00:00,52,6,10,3.0,9.0,3.0,5.0,6
2023-11-01 00:00:00+00:00,52,5,11,6.0,3.0,9.0,6.0,5
2023-12-01 00:00:00+00:00,52,2,12,5.0,6.0,3.0,4.666666666666667,2
2024-01-01 00:00:00+00:00,52,3,1,2.0,5.0,6.0,4.333333333333333,3
2024-02-01 00:00:00+00:00,52,5,2,3.0,2.0,5.0,3.3333333333333335,5
2024-03-01 00:00:00+00:00,52,2,3,5.0,3.0,2.0,3.3333333333333335,2
2024-04-01 00:00:00+00:00,52,9,4,2.0,5.0,3.0,3.3333333333333335,9
2024-05-01 00:00:00+00:00,52,13,5,9.0,2.0,5.0,5.333333333333333,13
2024-06-01 00:00:00+00:00,52,11,6,13.0,9.0,2.0,8.0,11
2024-07-01 00:00:00+00:00,52,2,7,11.0,13.0,9.0,11.0,2
2024-08-01 00:00:00+00:00,52,8,8,2.0,11.0,13.0,8.666666666666666,8
2024-10-01 00:00:00+00:00,52,4,10,8.0,2.0,11.0,7.0,4
2024-11-01 00:00:00+00:00,52,5,11,4.0,8.0,2.0,4.666666666666667,5
2024-12-01 00:00:00+00:00,52,2,12,5.0,4.0,8.0,5.666666666666667,2
2025-01-01 00:00:00+00:00,52,2,1,2.0,5.0,4.0,3.6666666666666665,2
2025-03-01 00:00:00+00:00,52,10,3,2.0,2.0,5.0,3.0,10
2025-04-01 00:00:00+00:00,52,4,4,10.0,2.0,2.0,4.666666666666667,4
2025-05-01 00:00:00+00:00,52,8,5,4.0,10.0,2.0,5.333333333333333,8
2025-06-01 00:00:00+00:00,52,5,6,8.0,4.0,10.0,7.333333333333333,5
2025-07-01 00:00:00+00:00,52,3,7,5.0,8.0,4.0,5.666666666666667,3
2025-08-01 00:00:00+00:00,52,11,8,3.0,5.0,8.0,5.333333333333333,11
2025-09-01 00:00:00+00:00,52,3,9,11.0,3.0,5.0,6.333333333333333,3
2025-10-01 00:00:00+00:00,52,5,10,3.0,11.0,3.0,5.666666666666667,5
2025-11-01 00:00:00+00:00,52,2,11,5.0,3.0,11.0,6.333333333333333,2
2021-02-01 00:00:00+00:00,53,1,2,10.0,6.0,3.0,6.333333333333333,1
2021-03-01 00:00:00+00:00,53,2,3,1.0,10.0,6.0,5.666666666666667,2
2021-04-01 00:00:00+00:00,53,3,4,2.0,1.0,10.0,4.333333333333333,3
2021-05-01 00:00:00+00:00,53,5,5,3.0,2.0,1.0,2.0,5
2021-06-01 00:00:00+00:00,53,1,6,5.0,3.0,2.0,3.3333333333333335,1
2021-07-01 00:00:00+00:00,53,2,7,1.0,5.0,3.0,3.0,2
2021-10-01 00:00:00+00:00,53,3,10,2.0,1.0,5.0,2.6666666666666665,3
2021-11-01 00:00:00+00:00,53,6,11,3.0,2.0,1.0,2.0,6
2021-12-01 00:00:00+00:00,53,6,12,6.0,3.0,2.0,3.6666666666666665,6
2022-01-01 00:00:00+00:00,53,4,1,6.0,6.0,3.0,5.0,4
2022-02-01 00:00:00+00:00,53,2,2,4.0,6.0,6.0,5.333333333333333,2
2022-03-01 00:00:00+00:00,53,6,3,2.0,4.0,6.0,4.0,6
2022-04-01 00:00:00+00:00,53,2,4,6.0,2.0,4.0,4.0,2
2022-05-01 00:00:00+00:00,53,4,5,2.0,6.0,2.0,3.3333333333333335,4
2022-06-01 00:00:00+00:00,53,2,6,4.0,2.0,6.0,4.0,2
2022-07-01 00:00:00+00:00,53,5,7,2.0,4.0,2.0,2.6666666666666665,5
2022-08-01 00:00:00+00:00,53,1,8,5.0,2.0,4.0,3.6666666666666665,1
2022-09-01 00:00:00+00:00,53,4,9,1.0,5.0,2.0,2.6666666666666665,4
2022-10-01 00:00:00+00:00,53,10,10,4.0,1.0,5.0,3.3333333333333335,10
2022-11-01 00:00:00+00:00,53,3,11,10.0,4.0,1.0,5.0,3
2022-12-01 00:00:00+00:00,53,1,12,3.0,10.0,4.0,5.666666666666667,1
2023-01-01 00:00:00+00:00,53,3,1,1.0,3.0,10.0,4.666666666666667,3
2023-02-01 00:00:00+00:00,53,5,2,3.0,1.0,3.0,2.3333333333333335,5
2023-03-01 00:00:00+00:00,53,1,3,5.0,3.0,1.0,3.0,1
2023-04-01 00:00:00+00:00,53,8,4,1.0,5.0,3.0,3.0,8
2023-05-01 00:00:00+00:00,53,9,5,8.0,1.0,5.0,4.666666666666667,9
2023-06-01 00:00:00+00:00,53,7,6,9.0,8.0,1.0,6.0,7
2023-07-01 00:00:00+00:00,53,7,7,7.0,9.0,8.0,8.0,7
2023-08-01 00:00:00+00:00,53,4,8,7.0,7.0,9.0,7.666666666666667,4
2023-09-01 00:00:00+00:00,53,13,9,4.0,7.0,7.0,6.0,13
2023-10-01 00:00:00+00:00,53,1,10,13.0,4.0,7.0,8.0,1
2023-11-01 00:00:00+00:00,53,3,11,1.0,13.0,4.0,6.0,3
2024-01-01 00:00:00+00:00,53,2,1,3.0,1.0,13.0,5.666666666666667,2
2024-02-01 00:00:00+00:00,53,9,2,2.0,3.0,1.0,2.0,9
2024-03-01 00:00:00+00:00,53,10,3,9.0,2.0,3.0,4.666666666666667,10
2024-04-01 00:00:00+00:00,53,4,4,10.0,9.0,2.0,7.0,4
2024-05-01 00:00:00+00:00,53,2,5,4.0,10.0,9.0,7.666666666666667,2
2024-06-01 00:00:00+00:00,53,2,6,2.0,4.0,10.0,5.333333333333333,2
2024-07-01 00:00:00+00:00,53,4,7,2.0,2.0,4.0,2.6666666666666665,4
2024-08-01 00:00:00+00:00,53,2,8,4.0,2.0,2.0,2.6666666666666665,2
2024-09-01 00:00:00+00:00,53,3,9,2.0,4.0,2.0,2.6666666666666665,3
2024-10-01 00:00:00+00:00,53,3,10,3.0,2.0,4.0,3.0,3
2024-11-01 00:00:00+00:00,53,10,11,3.0,3.0,2.0,2.6666666666666665,10
2024-12-01 00:00:00+00:00,53,3,12,10.0,3.0,3.0,5.333333333333333,3
2025-01-01 00:00:00+00:00,53,5,1,3.0,10.0,3.0,5.333333333333333,5
2025-02-01 00:00:00+00:00,53,3,2,5.0,3.0,10.0,6.0,3
2025-03-01 00:00:00+00:00,53,3,3,3.0,5.0,3.0,3.6666666666666665,3
2025-04-01 00:00:00+00:00,53,10,4,3.0,3.0,5.0,3.6666666666666665,10
2025-05-01 00:00:00+00:00,53,1,5,10.0,3.0,3.0,5.333333333333333,1
2025-06-01 00:00:00+00:00,53,10,6,1.0,10.0,3.0,4.666666666666667,10
2025-07-01 00:00:00+00:00,53,7,7,10.0,1.0,10.0,7.0,7
2025-08-01 00:00:00+00:00,53,15,8,7.0,10.0,1.0,6.0,15
2025-09-01 00:00:00+00:00,53,6,9,15.0,7.0,10.0,10.666666666666666,6
2025-10-01 00:00:00+00:00,53,3,10,6.0,15.0,7.0,9.333333333333334,3
2021-02-01 00:00:00+00:00,54,1,2,5.0,2.0,4.0,3.6666666666666665,1
2021-03-01 00:00:00+00:00,54,8,3,1.0,5.0,2.0,2.6666666666666665,8
2021-04-01 00:00:00+00:00,54,6,4,8.0,1.0,5.0,4.666666666666667,6
2021-05-01 00:00:00+00:00,54,2,5,6.0,8.0,1.0,5.0,2
2021-06-01 00:00:00+00:00,54,4,6,2.0,6.0,8.0,5.333333333333333,4
2021-07-01 00:00:00+00:00,54,11,7,4.0,2.0,6.0,4.0,11
2021-08-01 00:00:00+00:00,54,3,8,11.0,4.0,2.0,5.666666666666667,3
2021-09-01 00:00:00+00:00,54,5,9,3.0,11.0,4.0,6.0,5
2021-10-01 00:00:00+00:00,54,4,10,5.0,3.0,11.0,6.333333333333333,4
2021-11-01 00:00:00+00:00,54,3,11,4.0,5.0,3.0,4.0,3
2021-12-01 00:00:00+00:00,54,2,12,3.0,4.0,5.0,4.0,2
2022-02-01 00:00:00+00:00,54,20,2,2.0,3.0,4.0,3.0,20
2022-03-01 00:00:00+00:00,54,7,3,20.0,2.0,3.0,8.333333333333334,7
2022-04-01 00:00:00+00:00,54,4,4,7.0,20.0,2.0,9.666666666666666,4
2022-05-01 00:00:00+00:00,54,2,5,4.0,7.0,20.0,10.333333333333334,2
2022-06-01 00:00:00+00:00,54,3,6,2.0,4.0,7.0,4.333333333333333,3
2022-07-01 00:00:00+00:00,54,6,7,3.0,2.0,4.0,3.0,6
2022-08-01 00:00:00+00:00,54,5,8,6.0,3.0,2.0,3.6666666666666665,5
2022-09-01 00:00:00+00:00,54,6,9,5.0,6.0,3.0,4.666666666666667,6
2022-10-01 00:00:00+00:00,54,2,10,6.0,5.0,6.0,5.666666666666667,2
2023-01-01 00:00:00+00:00,54,3,1,2.0,6.0,5.0,4.333333333333333,3
2023-02-01 00:00:00+00:00,54,2,2,3.0,2.0,6.0,3.6666666666666665,2
2023-03-01 00:00:00+00:00,54,2,3,2.0,3.0,2.0,2.3333333333333335,2
2023-04-01 00:00:00+00:00,54,5,4,2.0,2.0,3.0,2.3333333333333335,5
2023-05-01 00:00:00+00:00,54,2,5,5.0,2.0,2.0,3.0,2
2023-06-01 00:00:00+00:00,54,5,6,2.0,5.0,2.0,3.0,5
2023-07-01 00:00:00+00:00,54,8,7,5.0,2.0,5.0,4.0,8
2023-08-01 00:00:00+00:00,54,5,8,8.0,5.0,2.0,5.0,5
2023-09-01 00:00:00+00:00,54,11,9,5.0,8.0,5.0,6.0,11
2023-10-01 00:00:00+00:00,54,10,10,11.0,5.0,8.0,8.0,10
2023-11-01 00:00:00+00:00,54,7,11,10.0,11.0,5.0,8.666666666666666,7
2023-12-01 00:00:00+00:00,54,4,12,7.0,10.0,11.0,9.333333333333334,4
2024-01-01 00:00:00+00:00,54,3,1,4.0,7.0,10.0,7.0,3
2024-02-01 00:00:00+00:00,54,7,2,3.0,4.0,7.0,4.666666666666667,7
2024-03-01 00:00:00+00:00,54,3,3,7.0,3.0,4.0,4.666666666666667,3
2024-04-01 00:00:00+00:00,54,7,4,3.0,7.0,3.0,4.333333333333333,7
2024-05-01 00:00:00+00:00,54,6,5,7.0,3.0,7.0,5.666666666666667,6
2024-06-01 00:00:00+00:00,54,6,6,6.0,7.0,3.0,5.333333333333333,6
2024-08-01 00:00:00+00:00,54,1,8,6.0,6.0,7.0,6.333333333333333,1
2024-09-01 00:00:00+00:00,54,2,9,1.0,6.0,6.0,4.333333333333333,2
2024-10-01 00:00:00+00:00,54,6,10,2.0,1.0,6.0,3.0,6
2024-11-01 00:00:00+00:00,54,3,11,6.0,2.0,1.0,3.0,3
2024-12-01 00:00:00+00:00,54,1,12,3.0,6.0,2.0,3.6666666666666665,1
2025-01-01 00:00:00+00:00,54,4,1,1.0,3.0,6.0,3.3333333333333335,4
2025-02-01 00:00:00+00:00,54,4,2,4.0,1.0,3.0,2.6666666666666665,4
2025-03-01 00:00:00+00:00,54,4,3,4.0,4.0,1.0,3.0,4
2025-05-01 00:00:00+00:00,54,1,5,4.0,4.0,4.0,4.0,1
2025-06-01 00:00:00+00:00,54,9,6,1.0,4.0,4.0,3.0,9
2025-07-01 00:00:00+00:00,54,1,7,9.0,1.0,4.0,4.666666666666667,1
2025-08-01 00:00:00+00:00,54,7,8,1.0,9.0,1.0,3.6666666666666665,7
2025-09-01 00:00:00+00:00,54,7,9,7.0,1.0,9.0,5.666666666666667,7
2025-10-01 00:00:00+00:00,54,6,10,7.0,7.0,1.0,5.0,6
2025-11-01 00:00:00+00:00,54,2,11,6.0,7.0,7.0,6.666666666666667,2
2021-03-01 00:00:00+00:00,55,6,3,4.0,6.0,4.0,4.666666666666667,6
2021-04-01 00:00:00+00:00,55,7,4,6.0,4.0,6.0,5.333333333333333,7
2021-05-01 00:00:00+00:00,55,8,5,7.0,6.0,4.0,5.666666666666667,8
2021-06-01 00:00:00+00:00,55,6,6,8.0,7.0,6.0,7.0,6
2021-07-01 00:00:00+00:00,55,4,7,6.0,8.0,7.0,7.0,4
2021-08-01 00:00:00+00:00,55,8,8,4.0,6.0,8.0,6.0,8
2021-09-01 00:00:00+00:00,55,1,9,8.0,4.0,6.0,6.0,1
2021-10-01 00:00:00+00:00,55,8,10,1.0,8.0,4.0,4.333333333333333,8
2021-11-01 00:00:00+00:00,55,3,11,8.0,1.0,8.0,5.666666666666667,3
2021-12-01 00:00:00+00:00,55,5,12,3.0,8.0,1.0,4.0,5
2022-01-01 00:00:00+00:00,55,4,1,5.0,3.0,8.0,5.333333333333333,4
2022-02-01 00:00:00+00:00,55,6,2,4.0,5.0,3.0,4.0,6
2022-03-01 00:00:00+00:00,55,5,3,6.0,4.0,5.0,5.0,5
2022-04-01 00:00:00+00:00,55,6,4,5.0,6.0,4.0,5.0,6
2022-05-01 00:00:00+00:00,55,6,5,6.0,5.0,6.0,5.666666666666667,6
2022-07-01 00:00:00+00:00,55,4,7,6.0,6.0,5.0,5.666666666666667,4
2022-08-01 00:00:00+00:00,55,10,8,4.0,6.0,6.0,5.333333333333333,10
2022-09-01 00:00:00+00:00,55,8,9,10.0,4.0,6.0,6.666666666666667,8
2022-10-01 00:00:00+00:00,55,6,10,8.0,10.0,4.0,7.333333333333333,6
2022-11-01 00:00:00+00:00,55,9,11,6.0,8.0,10.0,8.0,9
2022-12-01 00:00:00+00:00,55,7,12,9.0,6.0,8.0,7.666666666666667,7
2023-01-01 00:00:00+00:00,55,4,1,7.0,9.0,6.0,7.333333333333333,4
2023-02-01 00:00:00+00:00,55,3,2,4.0,7.0,9.0,6.666666666666667,3
2023-03-01 00:00:00+00:00,55,9,3,3.0,4.0,7.0,4.666666666666667,9
2023-05-01 00:00:00+00:00,55,6,5,9.0,3.0,4.0,5.333333333333333,6
2023-06-01 00:00:00+00:00,55,10,6,6.0,9.0,3.0,6.0,10
2023-07-01 00:00:00+00:00,55,14,7,10.0,6.0,9.0,8.333333333333334,14
2023-08-01 00:00:00+00:00,55,6,8,14.0,10.0,6.0,10.0,6
2023-09-01 00:00:00+00:00,55,1,9,6.0,14.0,10.0,10.0,1
2023-10-01 00:00:00+00:00,55,13,10,1.0,6.0,14.0,7.0,13
2023-11-01 00:00:00+00:00,55,5,11,13.0,1.0,6.0,6.666666666666667,5
2023-12-01 00:00:00+00:00,55,3,12,5.0,13.0,1.0,6.333333333333333,3
2024-01-01 00:00:00+00:00,55,4,1,3.0,5.0,13.0,7.0,4
2024-02-01 00:00:00+00:00,55,9,2,4.0,3.0,5.0,4.0,9
2024-03-01 00:00:00+00:00,55,6,3,9.0,4.0,3.0,5.333333333333333,6
2024-04-01 00:00:00+00:00,55,10,4,6.0,9.0,4.0,6.333333333333333,10
2024-05-01 00:00:00+00:00,55,6,5,10.0,6.0,9.0,8.333333333333334,6
2024-06-01 00:00:00+00:00,55,4,6,6.0,10.0,6.0,7.333333333333333,4
2024-07-01 00:00:00+00:00,55,6,7,4.0,6.0,10.0,6.666666666666667,6
2024-08-01 00:00:00+00:00,55,1,8,6.0,4.0,6.0,5.333333333333333,1
2024-09-01 00:00:00+00:00,55,4,9,1.0,6.0,4.0,3.6666666666666665,4
2024-11-01 00:00:00+00:00,55,2,11,4.0,1.0,6.0,3.6666666666666665,2
2024-12-01 00:00:00+00:00,55,3,12,2.0,4.0,1.0,2.3333333333333335,3
2025-01-01 00:00:00+00:00,55,6,1,3.0,2.0,4.0,3.0,6
2025-02-01 00:00:00+00:00,55,6,2,6.0,3.0,2.0,3.6666666666666665,6
2025-03-01 00:00:00+00:00,55,4,3,6.0,6.0,3.0,5.0,4
2025-04-01 00:00:00+00:00,55,7,4,4.0,6.0,6.0,5.333333333333333,7
2025-05-01 00:00:00+00:00,55,3,5,7.0,4.0,6.0,5.666666666666667,3
2025-07-01 00:00:00+00:00,55,4,7,3.0,7.0,4.0,4.666666666666667,4
2025-08-01 00:00:00+00:00,55,6,8,4.0,3.0,7.0,4.666666666666667,6
2025-09-01 00:00:00+00:00,55,6,9,6.0,4.0,3.0,4.333333333333333,6
2025-10-01 00:00:00+00:00,55,6,10,6.0,6.0,4.0,5.333333333333333,6
2025-11-01 00:00:00+00:00,55,2,11,6.0,6.0,6.0,6.0,2
2021-03-01 00:00:00+00:00,56,5,3,1.0,12.0,7.0,6.666666666666667,5
2021-05-01 00:00:00+00:00,56,9,5,5.0,1.0,12.0,6.0,9
2021-06-01 00:00:00+00:00,56,8,6,9.0,5.0,1.0,5.0,8
2021-07-01 00:00:00+00:00,56,5,7,8.0,9.0,5.0,7.333333333333333,5
2021-08-01 00:00:00+00:00,56,6,8,5.0,8.0,9.0,7.333333333333333,6
2021-09-01 00:00:00+00:00,56,7,9,6.0,5.0,8.0,6.333333333333333,7
2021-10-01 00:00:00+00:00,56,1,10,7.0,6.0,5.0,6.0,1
2021-11-01 00:00:00+00:00,56,11,11,1.0,7.0,6.0,4.666666666666667,11
2021-12-01 00:00:00+00:00,56,6,12,11.0,1.0,7.0,6.333333333333333,6
2022-01-01 00:00:00+00:00,56,10,1,6.0,11.0,1.0,6.0,10
2022-02-01 00:00:00+00:00,56,5,2,10.0,6.0,11.0,9.0,5
2022-03-01 00:00:00+00:00,56,8,3,5.0,10.0,6.0,7.0,8
2022-04-01 00:00:00+00:00,56,9,4,8.0,5.0,10.0,7.666666666666667,9
2022-05-01 00:00:00+00:00,56,7,5,9.0,8.0,5.0,7.333333333333333,7
2022-06-01 00:00:00+00:00,56,3,6,7.0,9.0,8.0,8.0,3
2022-07-01 00:00:00+00:00,56,9,7,3.0,7.0,9.0,6.333333333333333,9
2022-08-01 00:00:00+00:00,56,4,8,9.0,3.0,7.0,6.333333333333333,4
2022-09-01 00:00:00+00:00,56,5,9,4.0,9.0,3.0,5.333333333333333,5
2022-10-01 00:00:00+00:00,56,4,10,5.0,4.0,9.0,6.0,4
2022-11-01 00:00:00+00:00,56,4,11,4.0,5.0,4.0,4.333333333333333,4
2022-12-01 00:00:00+00:00,56,5,12,4.0,4.0,5.0,4.333333333333333,5
2023-01-01 00:00:00+00:00,56,3,1,5.0,4.0,4.0,4.333333333333333,3
2023-02-01 00:00:00+00:00,56,6,2,3.0,5.0,4.0,4.0,6
2023-03-01 00:00:00+00:00,56,4,3,6.0,3.0,5.0,4.666666666666667,4
2023-04-01 00:00:00+00:00,56,4,4,4.0,6.0,3.0,4.333333333333333,4
2023-05-01 00:00:00+00:00,56,13,5,4.0,4.0,6.0,4.666666666666667,13
2023-06-01 00:00:00+00:00,56,6,6,13.0,4.0,4.0,7.0,6
2023-07-01 00:00:00+00:00,56,7,7,6.0,13.0,4.0,7.666666666666667,7
2023-08-01 00:00:00+00:00,56,8,8,7.0,6.0,13.0,8.666666666666666,8
2023-09-01 00:00:00+00:00,56,2,9,8.0,7.0,6.0,7.0,2
2023-10-01 00:00:00+00:00,56,6,10,2.0,8.0,7.0,5.666666666666667,6
2023-11-01 00:00:00+00:00,56,6,11,6.0,2.0,8.0,5.333333333333333,6
2023-12-01 00:00:00+00:00,56,5,12,6.0,6.0,2.0,4.666666666666667,5
2024-01-01 00:00:00+00:00,56,4,1,5.0,6.0,6.0,5.666666666666667,4
2024-02-01 00:00:00+00:00,56,2,2,4.0,5.0,6.0,5.0,2
2024-03-01 00:00:00+00:00,56,6,3,2.0,4.0,5.0,3.6666666666666665,6
2024-04-01 00:00:00+00:00,56,6,4,6.0,2.0,4.0,4.0,6
2024-05-01 00:00:00+00:00,56,8,5,6.0,6.0,2.0,4.666666666666667,8
2024-06-01 00:00:00+00:00,56,3,6,8.0,6.0,6.0,6.666666666666667,3
2024-07-01 00:00:00+00:00,56,4,7,3.0,8.0,6.0,5.666666666666667,4
2024-08-01 00:00:00+00:00,56,3,8,4.0,3.0,8.0,5.0,3
2024-09-01 00:00:00+00:00,56,9,9,3.0,4.0,3.0,3.3333333333333335,9
2024-10-01 00:00:00+00:00,56,4,10,9.0,3.0,4.0,5.333333333333333,4
2024-11-01 00:00:00+00:00,56,5,11,4.0,9.0,3.0,5.333333333333333,5
2024-12-01 00:00:00+00:00,56,5,12,5.0,4.0,9.0,6.0,5
2025-01-01 00:00:00+00:00,56,5,1,5.0,5.0,4.0,4.666666666666667,5
2025-02-01 00:00:00+00:00,56,2,2,5.0,5.0,5.0,5.0,2
2025-03-01 00:00:00+00:00,56,8,3,2.0,5.0,5.0,4.0,8
2025-04-01 00:00:00+00:00,56,9,4,8.0,2.0,5.0,5.0,9
2025-06-01 00:00:00+00:00,56,2,6,9.0,8.0,2.0,6.333333333333333,2
2025-07-01 00:00:00+00:00,56,5,7,2.0,9.0,8.0,6.333333333333333,5
2025-09-01 00:00:00+00:00,56,7,9,5.0,2.0,9.0,5.333333333333333,7
2025-10-01 00:00:00+00:00,56,3,10,7.0,5.0,2.0,4.666666666666667,3
2021-02-01 00:00:00+00:00,57,1,2,3.0,14.0,1.0,6.0,1
2021-03-01 00:00:00+00:00,57,4,3,1.0,3.0,14.0,6.0,4
2021-04-01 00:00:00+00:00,57,5,4,4.0,1.0,3.0,2.6666666666666665,5
2021-05-01 00:00:00+00:00,57,3,5,5.0,4.0,1.0,3.3333333333333335,3
2021-07-01 00:00:00+00:00,57,18,7,3.0,5.0,4.0,4.0,18
2021-08-01 00:00:00+00:00,57,7,8,18.0,3.0,5.0,8.666666666666666,7
2021-09-01 00:00:00+00:00,57,3,9,7.0,18.0,3.0,9.333333333333334,3
2021-10-01 00:00:00+00:00,57,9,10,3.0,7.0,18.0,9.333333333333334,9
2021-11-01 00:00:00+00:00,57,12,11,9.0,3.0,7.0,6.333333333333333,12
2021-12-01 00:00:00+00:00,57,4,12,12.0,9.0,3.0,8.0,4
2022-02-01 00:00:00+00:00,57,3,2,4.0,12.0,9.0,8.333333333333334,3
2022-03-01 00:00:00+00:00,57,5,3,3.0,4.0,12.0,6.333333333333333,5
2022-04-01 00:00:00+00:00,57,2,4,5.0,3.0,4.0,4.0,2
2022-05-01 00:00:00+00:00,57,8,5,2.0,5.0,3.0,3.3333333333333335,8
2022-06-01 00:00:00+00:00,57,7,6,8.0,2.0,5.0,5.0,7
2022-07-01 00:00:00+00:00,57,1,7,7.0,8.0,2.0,5.666666666666667,1
2022-08-01 00:00:00+00:00,57,8,8,1.0,7.0,8.0,5.333333333333333,8
2022-09-01 00:00:00+00:00,57,10,9,8.0,1.0,7.0,5.333333333333333,10
2022-10-01 00:00:00+00:00,57,4,10,10.0,8.0,1.0,6.333333333333333,4
2022-11-01 00:00:00+00:00,57,6,11,4.0,10.0,8.0,7.333333333333333,6
2023-01-01 00:00:00+00:00,57,5,1,6.0,4.0,10.0,6.666666666666667,5
2023-02-01 00:00:00+00:00,57,6,2,5.0,6.0,4.0,5.0,6
2023-03-01 00:00:00+00:00,57,9,3,6.0,5.0,6.0,5.666666666666667,9
2023-04-01 00:00:00+00:00,57,4,4,9.0,6.0,5.0,6.666666666666667,4
2023-05-01 00:00:00+00:00,57,3,5,4.0,9.0,6.0,6.333333333333333,3
2023-06-01 00:00:00+00:00,57,3,6,3.0,4.0,9.0,5.333333333333333,3
2023-07-01 00:00:00+00:00,57,4,7,3.0,3.0,4.0,3.3333333333333335,4
2023-08-01 00:00:00+00:00,57,7,8,4.0,3.0,3.0,3.3333333333333335,7
2023-09-01 00:00:00+00:00,57,3,9,7.0,4.0,3.0,4.666666666666667,3
2023-10-01 00:00:00+00:00,57,6,10,3.0,7.0,4.0,4.666666666666667,6
2023-11-01 00:00:00+00:00,57,2,11,6.0,3.0,7.0,5.333333333333333,2
2023-12-01 00:00:00+00:00,57,10,12,2.0,6.0,3.0,3.6666666666666665,10
2024-01-01 00:00:00+00:00,57,4,1,10.0,2.0,6.0,6.0,4
2024-02-01 00:00:00+00:00,57,13,2,4.0,10.0,2.0,5.333333333333333,13
2024-03-01 00:00:00+00:00,57,6,3,13.0,4.0,10.0,9.0,6
2024-04-01 00:00:00+00:00,57,7,4,6.0,13.0,4.0,7.666666666666667,7
2024-05-01 00:00:00+00:00,57,9,5,7.0,6.0,13.0,8.666666666666666,9
2024-06-01 00:00:00+00:00,57,5,6,9.0,7.0,6.0,7.333333333333333,5
2024-07-01 00:00:00+00:00,57,16,7,5.0,9.0,7.0,7.0,16
2024-08-01 00:00:00+00:00,57,11,8,16.0,5.0,9.0,10.0,11
2024-09-01 00:00:00+00:00,57,8,9,11.0,16.0,5.0,10.666666666666666,8
2024-10-01 00:00:00+00:00,57,8,10,8.0,11.0,16.0,11.666666666666666,8
2024-11-01 00:00:00+00:00,57,2,11,8.0,8.0,11.0,9.0,2
2025-01-01 00:00:00+00:00,57,8,1,2.0,8.0,8.0,6.0,8
2025-02-01 00:00:00+00:00,57,8,2,8.0,2.0,8.0,6.0,8
2025-03-01 00:00:00+00:00,57,3,3,8.0,8.0,2.0,6.0,3
2025-04-01 00:00:00+00:00,57,3,4,3.0,8.0,8.0,6.333333333333333,3
2025-06-01 00:00:00+00:00,57,1,6,3.0,3.0,8.0,4.666666666666667,1
2025-07-01 00:00:00+00:00,57,9,7,1.0,3.0,3.0,2.3333333333333335,9
2025-08-01 00:00:00+00:00,57,8,8,9.0,1.0,3.0,4.333333333333333,8
2025-09-01 00:00:00+00:00,57,7,9,8.0,9.0,1.0,6.0,7
2025-10-01 00:00:00+00:00,57,5,10,7.0,8.0,9.0,8.0,5
2025-11-01 00:00:00+00:00,57,1,11,5.0,7.0,8.0,6.666666666666667,1
2021-04-01 00:00:00+00:00,58,15,4,2.0,1.0,5.0,2.6666666666666665,15
2021-05-01 00:00:00+00:00,58,2,5,15.0,2.0,1.0,6.0,2
2021-06-01 00:00:00+00:00,58,1,6,2.0,15.0,2.0,6.333333333333333,1
2021-07-01 00:00:00+00:00,58,3,7,1.0,2.0,15.0,6.0,3
2021-08-01 00:00:00+00:00,58,13,8,3.0,1.0,2.0,2.0,13
2021-09-01 00:00:00+00:00,58,1,9,13.0,3.0,1.0,5.666666666666667,1
2021-10-01 00:00:00+00:00,58,2,10,1.0,13.0,3.0,5.666666666666667,2
2021-11-01 00:00:00+00:00,58,2,11,2.0,1.0,13.0,5.333333333333333,2
2021-12-01 00:00:00+00:00,58,5,12,2.0,2.0,1.0,1.6666666666666667,5
2022-01-01 00:00:00+00:00,58,7,1,5.0,2.0,2.0,3.0,7
2022-02-01 00:00:00+00:00,58,4,2,7.0,5.0,2.0,4.666666666666667,4
2022-03-01 00:00:00+00:00,58,5,3,4.0,7.0,5.0,5.333333333333333,5
2022-04-01 00:00:00+00:00,58,6,4,5.0,4.0,7.0,5.333333333333333,6
2022-05-01 00:00:00+00:00,58,4,5,6.0,5.0,4.0,5.0,4
2022-06-01 00:00:00+00:00,58,7,6,4.0,6.0,5.0,5.0,7
2022-07-01 00:00:00+00:00,58,5,7,7.0,4.0,6.0,5.666666666666667,5
2022-08-01 00:00:00+00:00,58,6,8,5.0,7.0,4.0,5.333333333333333,6
2022-09-01 00:00:00+00:00,58,13,9,6.0,5.0,7.0,6.0,13
2022-10-01 00:00:00+00:00,58,1,10,13.0,6.0,5.0,8.0,1
2022-11-01 00:00:00+00:00,58,5,11,1.0,13.0,6.0,6.666666666666667,5
2022-12-01 00:00:00+00:00,58,6,12,5.0,1.0,13.0,6.333333333333333,6
2023-01-01 00:00:00+00:00,58,10,1,6.0,5.0,1.0,4.0,10
2023-02-01 00:00:00+00:00,58,5,2,10.0,6.0,5.0,7.0,5
2023-03-01 00:00:00+00:00,58,7,3,5.0,10.0,6.0,7.0,7
2023-04-01 00:00:00+00:00,58,5,4,7.0,5.0,10.0,7.333333333333333,5
2023-05-01 00:00:00+00:00,58,2,5,5.0,7.0,5.0,5.666666666666667,2
2023-06-01 00:00:00+00:00,58,6,6,2.0,5.0,7.0,4.666666666666667,6
2023-07-01 00:00:00+00:00,58,16,7,6.0,2.0,5.0,4.333333333333333,16
2023-08-01 00:00:00+00:00,58,7,8,16.0,6.0,2.0,8.0,7
2023-09-01 00:00:00+00:00,58,8,9,7.0,16.0,6.0,9.666666666666666,8
2023-10-01 00:00:00+00:00,58,6,10,8.0,7.0,16.0,10.333333333333334,6
2023-11-01 00:00:00+00:00,58,4,11,6.0,8.0,7.0,7.0,4
2023-12-01 00:00:00+00:00,58,6,12,4.0,6.0,8.0,6.0,6
2024-01-01 00:00:00+00:00,58,3,1,6.0,4.0,6.0,5.333333333333333,3
2024-02-01 00:00:00+00:00,58,5,2,3.0,6.0,4.0,4.333333333333333,5
2024-04-01 00:00:00+00:00,58,3,4,5.0,3.0,6.0,4.666666666666667,3
2024-06-01 00:00:00+00:00,58,3,6,3.0,5.0,3.0,3.6666666666666665,3
2024-07-01 00:00:00+00:00,58,1,7,3.0,3.0,5.0,3.6666666666666665,1
2024-08-01 00:00:00+00:00,58,1,8,1.0,3.0,3.0,2.3333333333333335,1
2024-09-01 00:00:00+00:00,58,8,9,1.0,1.0,3.0,1.6666666666666667,8
2024-10-01 00:00:00+00:00,58,8,10,8.0,1.0,1.0,3.3333333333333335,8
2024-11-01 00:00:00+00:00,58,4,11,8.0,8.0,1.0,5.666666666666667,4
2024-12-01 00:00:00+00:00,58,6,12,4.0,8.0,8.0,6.666666666666667,6
2025-01-01 00:00:00+00:00,58,6,1,6.0,4.0,8.0,6.0,6
2025-02-01 00:00:00+00:00,58,2,2,6.0,6.0,4.0,5.333333333333333,2
2025-03-01 00:00:00+00:00,58,7,3,2.0,6.0,6.0,4.666666666666667,7
2025-04-01 00:00:00+00:00,58,6,4,7.0,2.0,6.0,5.0,6
2025-05-01 00:00:00+00:00,58,5,5,6.0,7.0,2.0,5.0,5
2025-06-01 00:00:00+00:00,58,9,6,5.0,6.0,7.0,6.0,9
2025-07-01 00:00:00+00:00,58,4,7,9.0,5.0,6.0,6.666666666666667,4
2025-08-01 00:00:00+00:00,58,18,8,4.0,9.0,5.0,6.0,18
2025-09-01 00:00:00+00:00,58,5,9,18.0,4.0,9.0,10.333333333333334,5
2025-10-01 00:00:00+00:00,58,2,10,5.0,18.0,4.0,9.0,2
2025-11-01 00:00:00+00:00,58,5,11,2.0,5.0,18.0,8.333333333333334,5
2021-02-01 00:00:00+00:00,59,3,2,8.0,4.0,6.0,6.0,3
2021-03-01 00:00:00+00:00,59,12,3,3.0,8.0,4.0,5.0,12
2021-04-01 00:00:00+00:00,59,2,4,12.0,3.0,8.0,7.666666666666667,2
2021-05-01 00:00:00+00:00,59,4,5,2.0,12.0,3.0,5.666666666666667,4
2021-06-01 00:00:00+00:00,59,6,6,4.0,2.0,12.0,6.0,6
2021-07-01 00:00:00+00:00,59,2,7,6.0,4.0,2.0,4.0,2
2021-08-01 00:00:00+00:00,59,11,8,2.0,6.0,4.0,4.0,11
2021-09-01 00:00:00+00:00,59,12,9,11.0,2.0,6.0,6.333333333333333,12
2021-10-01 00:00:00+00:00,59,2,10,12.0,11.0,2.0,8.333333333333334,2
2021-11-01 00:00:00+00:00,59,7,11,2.0,12.0,11.0,8.333333333333334,7
2021-12-01 00:00:00+00:00,59,7,12,7.0,2.0,12.0,7.0,7
2022-01-01 00:00:00+00:00,59,5,1,7.0,7.0,2.0,5.333333333333333,5
2022-02-01 00:00:00+00:00,59,8,2,5.0,7.0,7.0,6.333333333333333,8
2022-03-01 00:00:00+00:00,59,7,3,8.0,5.0,7.0,6.666666666666667,7
2022-04-01 00:00:00+00:00,59,3,4,7.0,8.0,5.0,6.666666666666667,3
2022-05-01 00:00:00+00:00,59,13,5,3.0,7.0,8.0,6.0,13
2022-06-01 00:00:00+00:00,59,5,6,13.0,3.0,7.0,7.666666666666667,5
2022-07-01 00:00:00+00:00,59,8,7,5.0,13.0,3.0,7.0,8
2022-08-01 00:00:00+00:00,59,8,8,8.0,5.0,13.0,8.666666666666666,8
2022-09-01 00:00:00+00:00,59,4,9,8.0,8.0,5.0,7.0,4
2022-10-01 00:00:00+00:00,59,7,10,4.0,8.0,8.0,6.666666666666667,7
2022-11-01 00:00:00+00:00,59,6,11,7.0,4.0,8.0,6.333333333333333,6
2022-12-01 00:00:00+00:00,59,2,12,6.0,7.0,4.0,5.666666666666667,2
2023-01-01 00:00:00+00:00,59,4,1,2.0,6.0,7.0,5.0,4
2023-02-01 00:00:00+00:00,59,6,2,4.0,2.0,6.0,4.0,6
2023-03-01 00:00:00+00:00,59,12,3,6.0,4.0,2.0,4.0,12
2023-04-01 00:00:00+00:00,59,4,4,12.0,6.0,4.0,7.333333333333333,4
2023-05-01 00:00:00+00:00,59,6,5,4.0,12.0,6.0,7.333333333333333,6
2023-06-01 00:00:00+00:00,59,4,6,6.0,4.0,12.0,7.333333333333333,4
2023-07-01 00:00:00+00:00,59,11,7,4.0,6.0,4.0,4.666666666666667,11
2023-08-01 00:00:00+00:00,59,5,8,11.0,4.0,6.0,7.0,5
2023-10-01 00:00:00+00:00,59,7,10,5.0,11.0,4.0,6.666666666666667,7
2023-11-01 00:00:00+00:00,59,8,11,7.0,5.0,11.0,7.666666666666667,8
2023-12-01 00:00:00+00:00,59,7,12,8.0,7.0,5.0,6.666666666666667,7
2024-01-01 00:00:00+00:00,59,4,1,7.0,8.0,7.0,7.333333333333333,4
2024-02-01 00:00:00+00:00,59,6,2,4.0,7.0,8.0,6.333333333333333,6
2024-03-01 00:00:00+00:00,59,4,3,6.0,4.0,7.0,5.666666666666667,4
2024-04-01 00:00:00+00:00,59,2,4,4.0,6.0,4.0,4.666666666666667,2
2024-05-01 00:00:00+00:00,59,4,5,2.0,4.0,6.0,4.0,4
2024-06-01 00:00:00+00:00,59,13,6,4.0,2.0,4.0,3.3333333333333335,13
2024-07-01 00:00:00+00:00,59,10,7,13.0,4.0,2.0,6.333333333333333,10
2024-08-01 00:00:00+00:00,59,4,8,10.0,13.0,4.0,9.0,4
2024-10-01 00:00:00+00:00,59,3,10,4.0,10.0,13.0,9.0,3
2024-11-01 00:00:00+00:00,59,3,11,3.0,4.0,10.0,5.666666666666667,3
2024-12-01 00:00:00+00:00,59,4,12,3.0,3.0,4.0,3.3333333333333335,4
2025-01-01 00:00:00+00:00,59,6,1,4.0,3.0,3.0,3.3333333333333335,6
2025-02-01 00:00:00+00:00,59,15,2,6.0,4.0,3.0,4.333333333333333,15
2025-03-01 00:00:00+00:00,59,9,3,15.0,6.0,4.0,8.333333333333334,9
2025-04-01 00:00:00+00:00,59,5,4,9.0,15.0,6.0,10.0,5
2025-05-01 00:00:00+00:00,59,2,5,5.0,9.0,15.0,9.666666666666666,2
2025-06-01 00:00:00+00:00,59,2,6,2.0,5.0,9.0,5.333333333333333,2
2025-07-01 00:00:00+00:00,59,5,7,2.0,2.0,5.0,3.0,5
2025-08-01 00:00:00+00:00,59,1,8,5.0,2.0,2.0,3.0,1
2025-09-01 00:00:00+00:00,59,13,9,1.0,5.0,2.0,2.6666666666666665,13
2025-10-01 00:00:00+00:00,59,4,10,13.0,1.0,5.0,6.333333333333333,4
2021-02-01 00:00:00+00:00,60,12,2,4.0,9.0,4.0,5.666666666666667,12
2021-03-01 00:00:00+00:00,60,5,3,12.0,4.0,9.0,8.333333333333334,5
2021-04-01 00:00:00+00:00,60,6,4,5.0,12.0,4.0,7.0,6
2021-05-01 00:00:00+00:00,60,3,5,6.0,5.0,12.0,7.666666666666667,3
2021-06-01 00:00:00+00:00,60,9,6,3.0,6.0,5.0,4.666666666666667,9
2021-07-01 00:00:00+00:00,60,1,7,9.0,3.0,6.0,6.0,1
2021-08-01 00:00:00+00:00,60,8,8,1.0,9.0,3.0,4.333333333333333,8
2021-09-01 00:00:00+00:00,60,3,9,8.0,1.0,9.0,6.0,3
2021-10-01 00:00:00+00:00,60,6,10,3.0,8.0,1.0,4.0,6
2021-11-01 00:00:00+00:00,60,6,11,6.0,3.0,8.0,5.666666666666667,6
2022-01-01 00:00:00+00:00,60,1,1,6.0,6.0,3.0,5.0,1
2022-02-01 00:00:00+00:00,60,5,2,1.0,6.0,6.0,4.333333333333333,5
2022-03-01 00:00:00+00:00,60,6,3,5.0,1.0,6.0,4.0,6
2022-04-01 00:00:00+00:00,60,7,4,6.0,5.0,1.0,4.0,7
2022-05-01 00:00:00+00:00,60,5,5,7.0,6.0,5.0,6.0,5
2022-06-01 00:00:00+00:00,60,13,6,5.0,7.0,6.0,6.0,13
2022-07-01 00:00:00+00:00,60,5,7,13.0,5.0,7.0,8.333333333333334,5
2022-08-01 00:00:00+00:00,60,11,8,5.0,13.0,5.0,7.666666666666667,11
2022-09-01 00:00:00+00:00,60,6,9,11.0,5.0,13.0,9.666666666666666,6
2022-10-01 00:00:00+00:00,60,3,10,6.0,11.0,5.0,7.333333333333333,3
2022-11-01 00:00:00+00:00,60,3,11,3.0,6.0,11.0,6.666666666666667,3
2022-12-01 00:00:00+00:00,60,3,12,3.0,3.0,6.0,4.0,3
2023-01-01 00:00:00+00:00,60,3,1,3.0,3.0,3.0,3.0,3
2023-02-01 00:00:00+00:00,60,2,2,3.0,3.0,3.0,3.0,2
2023-03-01 00:00:00+00:00,60,10,3,2.0,3.0,3.0,2.6666666666666665,10
2023-04-01 00:00:00+00:00,60,2,4,10.0,2.0,3.0,5.0,2
2023-06-01 00:00:00+00:00,60,8,6,2.0,10.0,2.0,4.666666666666667,8
2023-07-01 00:00:00+00:00,60,15,7,8.0,2.0,10.0,6.666666666666667,15
2023-08-01 00:00:00+00:00,60,3,8,15.0,8.0,2.0,8.333333333333334,3
2023-09-01 00:00:00+00:00,60,3,9,3.0,15.0,8.0,8.666666666666666,3
2023-10-01 00:00:00+00:00,60,9,10,3.0,3.0,15.0,7.0,9
2023-12-01 00:00:00+00:00,60,4,12,9.0,3.0,3.0,5.0,4
2024-01-01 00:00:00+00:00,60,14,1,4.0,9.0,3.0,5.333333333333333,14
2024-02-01 00:00:00+00:00,60,5,2,14.0,4.0,9.0,9.0,5
2024-03-01 00:00:00+00:00,60,3,3,5.0,14.0,4.0,7.666666666666667,3
2024-04-01 00:00:00+00:00,60,4,4,3.0,5.0,14.0,7.333333333333333,4
2024-05-01 00:00:00+00:00,60,3,5,4.0,3.0,5.0,4.0,3
2024-06-01 00:00:00+00:00,60,5,6,3.0,4.0,3.0,3.3333333333333335,5
2024-07-01 00:00:00+00:00,60,3,7,5.0,3.0,4.0,4.0,3
2024-08-01 00:00:00+00:00,60,4,8,3.0,5.0,3.0,3.6666666666666665,4
2024-09-01 00:00:00+00:00,60,5,9,4.0,3.0,5.0,4.0,5
2024-10-01 00:00:00+00:00,60,5,10,5.0,4.0,3.0,4.0,5
2024-11-01 00:00:00+00:00,60,3,11,5.0,5.0,4.0,4.666666666666667,3
2024-12-01 00:00:00+00:00,60,2,12,3.0,5.0,5.0,4.333333333333333,2
2025-01-01 00:00:00+00:00,60,2,1,2.0,3.0,5.0,3.3333333333333335,2
2025-02-01 00:00:00+00:00,60,8,2,2.0,2.0,3.0,2.3333333333333335,8
2025-03-01 00:00:00+00:00,60,5,3,8.0,2.0,2.0,4.0,5
2025-04-01 00:00:00+00:00,60,7,4,5.0,8.0,2.0,5.0,7
2025-05-01 00:00:00+00:00,60,2,5,7.0,5.0,8.0,6.666666666666667,2
2025-06-01 00:00:00+00:00,60,5,6,2.0,7.0,5.0,4.666666666666667,5
2025-07-01 00:00:00+00:00,60,2,7,5.0,2.0,7.0,4.666666666666667,2
2025-08-01 00:00:00+00:00,60,3,8,2.0,5.0,2.0,3.0,3
2025-09-01 00:00:00+00:00,60,2,9,3.0,2.0,5.0,3.3333333333333335,2
2025-11-01 00:00:00+00:00,60,3,11,2.0,3.0,2.0,2.3333333333333335,3
2021-02-01 00:00:00+00:00,61,6,2,11.0,14.0,6.0,10.333333333333334,6
2021-03-01 00:00:00+00:00,61,2,3,6.0,11.0,14.0,10.333333333333334,2
2021-05-01 00:00:00+00:00,61,3,5,2.0,6.0,11.0,6.333333333333333,3
2021-06-01 00:00:00+00:00,61,4,6,3.0,2.0,6.0,3.6666666666666665,4
2021-07-01 00:00:00+00:00,61,9,7,4.0,3.0,2.0,3.0,9
2021-08-01 00:00:00+00:00,61,7,8,9.0,4.0,3.0,5.333333333333333,7
2021-09-01 00:00:00+00:00,61,8,9,7.0,9.0,4.0,6.666666666666667,8
2021-10-01 00:00:00+00:00,61,1,10,8.0,7.0,9.0,8.0,1
2021-11-01 00:00:00+00:00,61,3,11,1.0,8.0,7.0,5.333333333333333,3
2021-12-01 00:00:00+00:00,61,16,12,3.0,1.0,8.0,4.0,16
2022-01-01 00:00:00+00:00,61,1,1,16.0,3.0,1.0,6.666666666666667,1
2022-02-01 00:00:00+00:00,61,9,2,1.0,16.0,3.0,6.666666666666667,9
2022-03-01 00:00:00+00:00,61,6,3,9.0,1.0,16.0,8.666666666666666,6
2022-04-01 00:00:00+00:00,61,3,4,6.0,9.0,1.0,5.333333333333333,3
2022-05-01 00:00:00+00:00,61,3,5,3.0,6.0,9.0,6.0,3
2022-06-01 00:00:00+00:00,61,5,6,3.0,3.0,6.0,4.0,5
2022-08-01 00:00:00+00:00,61,2,8,5.0,3.0,3.0,3.6666666666666665,2
2022-09-01 00:00:00+00:00,61,4,9,2.0,5.0,3.0,3.3333333333333335,4
2022-10-01 00:00:00+00:00,61,8,10,4.0,2.0,5.0,3.6666666666666665,8
2022-11-01 00:00:00+00:00,61,7,11,8.0,4.0,2.0,4.666666666666667,7
2022-12-01 00:00:00+00:00,61,1,12,7.0,8.0,4.0,6.333333333333333,1
2023-01-01 00:00:00+00:00,61,4,1,1.0,7.0,8.0,5.333333333333333,4
2023-02-01 00:00:00+00:00,61,5,2,4.0,1.0,7.0,4.0,5
2023-03-01 00:00:00+00:00,61,5,3,5.0,4.0,1.0,3.3333333333333335,5
2023-04-01 00:00:00+00:00,61,7,4,5.0,5.0,4.0,4.666666666666667,7
2023-05-01 00:00:00+00:00,61,4,5,7.0,5.0,5.0,5.666666666666667,4
2023-06-01 00:00:00+00:00,61,12,6,4.0,7.0,5.0,5.333333333333333,12
2023-07-01 00:00:00+00:00,61,5,7,12.0,4.0,7.0,7.666666666666667,5
2023-08-01 00:00:00+00:00,61,6,8,5.0,12.0,4.0,7.0,6
2023-09-01 00:00:00+00:00,61,2,9,6.0,5.0,12.0,7.666666666666667,2
2023-11-01 00:00:00+00:00,61,4,11,2.0,6.0,5.0,4.333333333333333,4
2023-12-01 00:00:00+00:00,61,7,12,4.0,2.0,6.0,4.0,7
2024-01-01 00:00:00+00:00,61,6,1,7.0,4.0,2.0,4.333333333333333,6
2024-02-01 00:00:00+00:00,61,7,2,6.0,7.0,4.0,5.666666666666667,7
2024-03-01 00:00:00+00:00,61,2,3,7.0,6.0,7.0,6.666666666666667,2
2024-04-01 00:00:00+00:00,61,3,4,2.0,7.0,6.0,5.0,3
2024-05-01 00:00:00+00:00,61,5,5,3.0,2.0,7.0,4.0,5
2024-06-01 00:00:00+00:00,61,5,6,5.0,3.0,2.0,3.3333333333333335,5
2024-07-01 00:00:00+00:00,61,2,7,5.0,5.0,3.0,4.333333333333333,2
2024-08-01 00:00:00+00:00,61,5,8,2.0,5.0,5.0,4.0,5
2024-09-01 00:00:00+00:00,61,8,9,5.0,2.0,5.0,4.0,8
2024-10-01 00:00:00+00:00,61,12,10,8.0,5.0,2.0,5.0,12
2024-12-01 00:00:00+00:00,61,4,12,12.0,8.0,5.0,8.333333333333334,4
2025-01-01 00:00:00+00:00,61,11,1,4.0,12.0,8.0,8.0,11
2025-02-01 00:00:00+00:00,61,6,2,11.0,4.0,12.0,9.0,6
2025-03-01 00:00:00+00:00,61,5,3,6.0,11.0,4.0,7.0,5
2025-04-01 00:00:00+00:00,61,6,4,5.0,6.0,11.0,7.333333333333333,6
2025-05-01 00:00:00+00:00,61,3,5,6.0,5.0,6.0,5.666666666666667,3
2025-06-01 00:00:00+00:00,61,1,6,3.0,6.0,5.0,4.666666666666667,1
2025-07-01 00:00:00+00:00,61,3,7,1.0,3.0,6.0,3.3333333333333335,3
2025-08-01 00:00:00+00:00,61,2,8,3.0,1.0,3.0,2.3333333333333335,2
2025-09-01 00:00:00+00:00,61,5,9,2.0,3.0,1.0,2.0,5
2021-03-01 00:00:00+00:00,62,7,3,6.0,5.0,5.0,5.333333333333333,7
2021-04-01 00:00:00+00:00,62,9,4,7.0,6.0,5.0,6.0,9
2021-05-01 00:00:00+00:00,62,11,5,9.0,7.0,6.0,7.333333333333333,11
2021-06-01 00:00:00+00:00,62,6,6,11.0,9.0,7.0,9.0,6
2021-07-01 00:00:00+00:00,62,5,7,6.0,11.0,9.0,8.666666666666666,5
2021-08-01 00:00:00+00:00,62,11,8,5.0,6.0,11.0,7.333333333333333,11
2021-09-01 00:00:00+00:00,62,9,9,11.0,5.0,6.0,7.333333333333333,9
2021-10-01 00:00:00+00:00,62,3,10,9.0,11.0,5.0,8.333333333333334,3
2021-11-01 00:00:00+00:00,62,2,11,3.0,9.0,11.0,7.666666666666667,2
2021-12-01 00:00:00+00:00,62,4,12,2.0,3.0,9.0,4.666666666666667,4
2022-01-01 00:00:00+00:00,62,3,1,4.0,2.0,3.0,3.0,3
2022-02-01 00:00:00+00:00,62,7,2,3.0,4.0,2.0,3.0,7
2022-03-01 00:00:00+00:00,62,1,3,7.0,3.0,4.0,4.666666666666667,1
2022-05-01 00:00:00+00:00,62,7,5,1.0,7.0,3.0,3.6666666666666665,7
2022-06-01 00:00:00+00:00,62,3,6,7.0,1.0,7.0,5.0,3
2022-07-01 00:00:00+00:00,62,4,7,3.0,7.0,1.0,3.6666666666666665,4
2022-08-01 00:00:00+00:00,62,11,8,4.0,3.0,7.0,4.666666666666667,11
2022-09-01 00:00:00+00:00,62,6,9,11.0,4.0,3.0,6.0,6
2022-10-01 00:00:00+00:00,62,4,10,6.0,11.0,4.0,7.0,4
2022-11-01 00:00:00+00:00,62,4,11,4.0,6.0,11.0,7.0,4
2023-01-01 00:00:00+00:00,62,7,1,4.0,4.0,6.0,4.666666666666667,7
2023-02-01 00:00:00+00:00,62,10,2,7.0,4.0,4.0,5.0,10
2023-03-01 00:00:00+00:00,62,6,3,10.0,7.0,4.0,7.0,6
2023-04-01 00:00:00+00:00,62,3,4,6.0,10.0,7.0,7.666666666666667,3
2023-06-01 00:00:00+00:00,62,4,6,3.0,6.0,10.0,6.333333333333333,4
2023-07-01 00:00:00+00:00,62,6,7,4.0,3.0,6.0,4.333333333333333,6
2023-09-01 00:00:00+00:00,62,1,9,6.0,4.0,3.0,4.333333333333333,1
2023-10-01 00:00:00+00:00,62,16,10,1.0,6.0,4.0,3.6666666666666665,16
2023-11-01 00:00:00+00:00,62,9,11,16.0,1.0,6.0,7.666666666666667,9
2023-12-01 00:00:00+00:00,62,2,12,9.0,16.0,1.0,8.666666666666666,2
2024-01-01 00:00:00+00:00,62,2,1,2.0,9.0,16.0,9.0,2
2024-02-01 00:00:00+00:00,62,5,2,2.0,2.0,9.0,4.333333333333333,5
2024-03-01 00:00:00+00:00,62,6,3,5.0,2.0,2.0,3.0,6
2024-04-01 00:00:00+00:00,62,6,4,6.0,5.0,2.0,4.333333333333333,6
2024-05-01 00:00:00+00:00,62,5,5,6.0,6.0,5.0,5.666666666666667,5
2024-06-01 00:00:00+00:00,62,7,6,5.0,6.0,6.0,5.666666666666667,7
2024-07-01 00:00:00+00:00,62,6,7,7.0,5.0,6.0,6.0,6
2024-08-01 00:00:00+00:00,62,6,8,6.0,7.0,5.0,6.0,6
2024-09-01 00:00:00+00:00,62,4,9,6.0,6.0,7.0,6.333333333333333,4
2024-10-01 00:00:00+00:00,62,4,10,4.0,6.0,6.0,5.333333333333333,4
2024-11-01 00:00:00+00:00,62,6,11,4.0,4.0,6.0,4.666666666666667,6
2024-12-01 00:00:00+00:00,62,9,12,6.0,4.0,4.0,4.666666666666667,9
2025-02-01 00:00:00+00:00,62,10,2,9.0,6.0,4.0,6.333333333333333,10
2025-03-01 00:00:00+00:00,62,6,3,10.0,9.0,6.0,8.333333333333334,6
2025-04-01 00:00:00+00:00,62,9,4,6.0,10.0,9.0,8.333333333333334,9
2025-05-01 00:00:00+00:00,62,6,5,9.0,6.0,10.0,8.333333333333334,6
2025-06-01 00:00:00+00:00,62,1,6,6.0,9.0,6.0,7.0,1
2025-07-01 00:00:00+00:00,62,5,7,1.0,6.0,9.0,5.333333333333333,5
2025-08-01 00:00:00+00:00,62,7,8,5.0,1.0,6.0,4.0,7
2025-09-01 00:00:00+00:00,62,3,9,7.0,5.0,1.0,4.333333333333333,3
2025-10-01 00:00:00+00:00,62,11,10,3.0,7.0,5.0,5.0,11
2021-02-01 00:00:00+00:00,63,3,2,3.0,1.0,7.0,3.6666666666666665,3
2021-03-01 00:00:00+00:00,63,9,3,3.0,3.0,1.0,2.3333333333333335,9
2021-05-01 00:00:00+00:00,63,4,5,9.0,3.0,3.0,5.0,4
2021-06-01 00:00:00+00:00,63,3,6,4.0,9.0,3.0,5.333333333333333,3
2021-07-01 00:00:00+00:00,63,2,7,3.0,4.0,9.0,5.333333333333333,2
2021-08-01 00:00:00+00:00,63,9,8,2.0,3.0,4.0,3.0,9
2021-09-01 00:00:00+00:00,63,1,9,9.0,2.0,3.0,4.666666666666667,1
2021-10-01 00:00:00+00:00,63,3,10,1.0,9.0,2.0,4.0,3
2021-12-01 00:00:00+00:00,63,12,12,3.0,1.0,9.0,4.333333333333333,12
2022-01-01 00:00:00+00:00,63,2,1,12.0,3.0,1.0,5.333333333333333,2
2022-02-01 00:00:00+00:00,63,10,2,2.0,12.0,3.0,5.666666666666667,10
2022-03-01 00:00:00+00:00,63,8,3,10.0,2.0,12.0,8.0,8
2022-04-01 00:00:00+00:00,63,9,4,8.0,10.0,2.0,6.666666666666667,9
2022-06-01 00:00:00+00:00,63,6,6,9.0,8.0,10.0,9.0,6
2022-07-01 00:00:00+00:00,63,2,7,6.0,9.0,8.0,7.666666666666667,2
2022-08-01 00:00:00+00:00,63,15,8,2.0,6.0,9.0,5.666666666666667,15
2022-09-01 00:00:00+00:00,63,11,9,15.0,2.0,6.0,7.666666666666667,11
2022-11-01 00:00:00+00:00,63,5,11,11.0,15.0,2.0,9.333333333333334,5
2023-01-01 00:00:00+00:00,63,8,1,5.0,11.0,15.0,10.333333333333334,8
2023-02-01 00:00:00+00:00,63,5,2,8.0,5.0,11.0,8.0,5
2023-03-01 00:00:00+00:00,63,9,3,5.0,8.0,5.0,6.0,9
2023-04-01 00:00:00+00:00,63,6,4,9.0,5.0,8.0,7.333333333333333,6
2023-05-01 00:00:00+00:00,63,2,5,6.0,9.0,5.0,6.666666666666667,2
2023-07-01 00:00:00+00:00,63,1,7,2.0,6.0,9.0,5.666666666666667,1
2023-08-01 00:00:00+00:00,63,3,8,1.0,2.0,6.0,3.0,3
2023-11-01 00:00:00+00:00,63,11,11,3.0,1.0,2.0,2.0,11
2023-12-01 00:00:00+00:00,63,2,12,11.0,3.0,1.0,5.0,2
2024-01-01 00:00:00+00:00,63,10,1,2.0,11.0,3.0,5.333333333333333,10
2024-02-01 00:00:00+00:00,63,7,2,10.0,2.0,11.0,7.666666666666667,7
2024-03-01 00:00:00+00:00,63,3,3,7.0,10.0,2.0,6.333333333333333,3
2024-04-01 00:00:00+00:00,63,4,4,3.0,7.0,10.0,6.666666666666667,4
2024-05-01 00:00:00+00:00,63,2,5,4.0,3.0,7.0,4.666666666666667,2
2024-06-01 00:00:00+00:00,63,3,6,2.0,4.0,3.0,3.0,3
2024-07-01 00:00:00+00:00,63,3,7,3.0,2.0,4.0,3.0,3
2024-08-01 00:00:00+00:00,63,3,8,3.0,3.0,2.0,2.6666666666666665,3
2024-09-01 00:00:00+00:00,63,7,9,3.0,3.0,3.0,3.0,7
2024-10-01 00:00:00+00:00,63,8,10,7.0,3.0,3.0,4.333333333333333,8
2024-11-01 00:00:00+00:00,63,3,11,8.0,7.0,3.0,6.0,3
2024-12-01 00:00:00+00:00,63,4,12,3.0,8.0,7.0,6.0,4
2025-01-01 00:00:00+00:00,63,5,1,4.0,3.0,8.0,5.0,5
2025-02-01 00:00:00+00:00,63,3,2,5.0,4.0,3.0,4.0,3
2025-03-01 00:00:00+00:00,63,9,3,3.0,5.0,4.0,4.0,9
2025-04-01 00:00:00+00:00,63,1,4,9.0,3.0,5.0,5.666666666666667,1
2025-05-01 00:00:00+00:00,63,4,5,1.0,9.0,3.0,4.333333333333333,4
2025-06-01 00:00:00+00:00,63,1,6,4.0,1.0,9.0,4.666666666666667,1
2025-07-01 00:00:00+00:00,63,5,7,1.0,4.0,1.0,2.0,5
2025-08-01 00:00:00+00:00,63,8,8,5.0,1.0,4.0,3.3333333333333335,8
2025-09-01 00:00:00+00:00,63,6,9,8.0,5.0,1.0,4.666666666666667,6
2025-10-01 00:00:00+00:00,63,7,10,6.0,8.0,5.0,6.333333333333333,7
2021-03-01 00:00:00+00:00,64,11,3,2.0,3.0,5.0,3.3333333333333335,11
2021-04-01 00:00:00+00:00,64,7,4,11.0,2.0,3.0,5.333333333333333,7
2021-05-01 00:00:00+00:00,64,8,5,7.0,11.0,2.0,6.666666666666667,8
2021-06-01 00:00:00+00:00,64,7,6,8.0,7.0,11.0,8.666666666666666,7
2021-07-01 00:00:00+00:00,64,1,7,7.0,8.0,7.0,7.333333333333333,1
2021-08-01 00:00:00+00:00,64,3,8,1.0,7.0,8.0,5.333333333333333,3
2021-09-01 00:00:00+00:00,64,5,9,3.0,1.0,7.0,3.6666666666666665,5
2021-10-01 00:00:00+00:00,64,6,10,5.0,3.0,1.0,3.0,6
2021-12-01 00:00:00+00:00,64,2,12,6.0,5.0,3.0,4.666666666666667,2
2022-01-01 00:00:00+00:00,64,5,1,2.0,6.0,5.0,4.333333333333333,5
2022-02-01 00:00:00+00:00,64,3,2,5.0,2.0,6.0,4.333333333333333,3
2022-03-01 00:00:00+00:00,64,2,3,3.0,5.0,2.0,3.3333333333333335,2
2022-05-01 00:00:00+00:00,64,7,5,2.0,3.0,5.0,3.3333333333333335,7
2022-06-01 00:00:00+00:00,64,4,6,7.0,2.0,3.0,4.0,4
2022-07-01 00:00:00+00:00,64,4,7,4.0,7.0,2.0,4.333333333333333,4
2022-08-01 00:00:00+00:00,64,9,8,4.0,4.0,7.0,5.0,9
2022-09-01 00:00:00+00:00,64,1,9,9.0,4.0,4.0,5.666666666666667,1
2022-10-01 00:00:00+00:00,64,10,10,1.0,9.0,4.0,4.666666666666667,10
2022-11-01 00:00:00+00:00,64,5,11,10.0,1.0,9.0,6.666666666666667,5
2022-12-01 00:00:00+00:00,64,10,12,5.0,10.0,1.0,5.333333333333333,10
2023-01-01 00:00:00+00:00,64,1,1,10.0,5.0,10.0,8.333333333333334,1
2023-02-01 00:00:00+00:00,64,9,2,1.0,10.0,5.0,5.333333333333333,9
2023-03-01 00:00:00+00:00,64,12,3,9.0,1.0,10.0,6.666666666666667,12
2023-04-01 00:00:00+00:00,64,4,4,12.0,9.0,1.0,7.333333333333333,4
2023-05-01 00:00:00+00:00,64,4,5,4.0,12.0,9.0,8.333333333333334,4
2023-06-01 00:00:00+00:00,64,3,6,4.0,4.0,12.0,6.666666666666667,3
2023-07-01 00:00:00+00:00,64,1,7,3.0,4.0,4.0,3.6666666666666665,1
2023-08-01 00:00:00+00:00,64,8,8,1.0,3.0,4.0,2.6666666666666665,8
2023-09-01 00:00:00+00:00,64,2,9,8.0,1.0,3.0,4.0,2
2023-10-01 00:00:00+00:00,64,6,10,2.0,8.0,1.0,3.6666666666666665,6
2023-11-01 00:00:00+00:00,64,1,11,6.0,2.0,8.0,5.333333333333333,1
2023-12-01 00:00:00+00:00,64,5,12,1.0,6.0,2.0,3.0,5
2024-01-01 00:00:00+00:00,64,4,1,5.0,1.0,6.0,4.0,4
2024-02-01 00:00:00+00:00,64,2,2,4.0,5.0,1.0,3.3333333333333335,2
2024-03-01 00:00:00+00:00,64,2,3,2.0,4.0,5.0,3.6666666666666665,2
2024-05-01 00:00:00+00:00,64,6,5,2.0,2.0,4.0,2.6666666666666665,6
2024-06-01 00:00:00+00:00,64,8,6,6.0,2.0,2.0,3.3333333333333335,8
2024-08-01 00:00:00+00:00,64,5,8,8.0,6.0,2.0,5.333333333333333,5
2024-09-01 00:00:00+00:00,64,6,9,5.0,8.0,6.0,6.333333333333333,6
2024-10-01 00:00:00+00:00,64,5,10,6.0,5.0,8.0,6.333333333333333,5
2024-11-01 00:00:00+00:00,64,1,11,5.0,6.0,5.0,5.333333333333333,1
2024-12-01 00:00:00+00:00,64,4,12,1.0,5.0,6.0,4.0,4
2025-01-01 00:00:00+00:00,64,9,1,4.0,1.0,5.0,3.3333333333333335,9
2025-02-01 00:00:00+00:00,64,4,2,9.0,4.0,1.0,4.666666666666667,4
2025-03-01 00:00:00+00:00,64,8,3,4.0,9.0,4.0,5.666666666666667,8
2025-04-01 00:00:00+00:00,64,7,4,8.0,4.0,9.0,7.0,7
2025-05-01 00:00:00+00:00,64,6,5,7.0,8.0,4.0,6.333333333333333,6
2025-06-01 00:00:00+00:00,64,10,6,6.0,7.0,8.0,7.0,10
2025-07-01 00:00:00+00:00,64,1,7,10.0,6.0,7.0,7.666666666666667,1
2025-08-01 00:00:00+00:00,64,3,8,1.0,10.0,6.0,5.666666666666667,3
2025-10-01 00:00:00+00:00,64,3,10,3.0,1.0,10.0,4.666666666666667,3
2025-11-01 00:00:00+00:00,64,4,11,3.0,3.0,1.0,2.3333333333333335,4
2021-02-01 00:00:00+00:00,65,5,2,3.0,8.0,9.0,6.666666666666667,5
2021-03-01 00:00:00+00:00,65,4,3,5.0,3.0,8.0,5.333333333333333,4
2021-04-01 00:00:00+00:00,65,6,4,4.0,5.0,3.0,4.0,6
2021-05-01 00:00:00+00:00,65,2,5,6.0,4.0,5.0,5.0,2
2021-06-01 00:00:00+00:00,65,9,6,2.0,6.0,4.0,4.0,9
2021-07-01 00:00:00+00:00,65,6,7,9.0,2.0,6.0,5.666666666666667,6
2021-08-01 00:00:00+00:00,65,2,8,6.0,9.0,2.0,5.666666666666667,2
2021-09-01 00:00:00+00:00,65,5,9,2.0,6.0,9.0,5.666666666666667,5
2021-10-01 00:00:00+00:00,65,1,10,5.0,2.0,6.0,4.333333333333333,1
2021-11-01 00:00:00+00:00,65,3,11,1.0,5.0,2.0,2.6666666666666665,3
2021-12-01 00:00:00+00:00,65,1,12,3.0,1.0,5.0,3.0,1
2022-01-01 00:00:00+00:00,65,4,1,1.0,3.0,1.0,1.6666666666666667,4
2022-02-01 00:00:00+00:00,65,3,2,4.0,1.0,3.0,2.6666666666666665,3
2022-03-01 00:00:00+00:00,65,3,3,3.0,4.0,1.0,2.6666666666666665,3
2022-04-01 00:00:00+00:00,65,3,4,3.0,3.0,4.0,3.3333333333333335,3
2022-05-01 00:00:00+00:00,65,5,5,3.0,3.0,3.0,3.0,5
2022-06-01 00:00:00+00:00,65,8,6,5.0,3.0,3.0,3.6666666666666665,8
2022-08-01 00:00:00+00:00,65,3,8,8.0,5.0,3.0,5.333333333333333,3
2022-10-01 00:00:00+00:00,65,4,10,3.0,8.0,5.0,5.333333333333333,4
2022-11-01 00:00:00+00:00,65,7,11,4.0,3.0,8.0,5.0,7
2022-12-01 00:00:00+00:00,65,2,12,7.0,4.0,3.0,4.666666666666667,2
2023-01-01 00:00:00+00:00,65,7,1,2.0,7.0,4.0,4.333333333333333,7
2023-02-01 00:00:00+00:00,65,2,2,7.0,2.0,7.0,5.333333333333333,2
2023-03-01 00:00:00+00:00,65,4,3,2.0,7.0,2.0,3.6666666666666665,4
2023-04-01 00:00:00+00:00,65,3,4,4.0,2.0,7.0,4.333333333333333,3
2023-05-01 00:00:00+00:00,65,3,5,3.0,4.0,2.0,3.0,3
2023-06-01 00:00:00+00:00,65,5,6,3.0,3.0,4.0,3.3333333333333335,5
2023-07-01 00:00:00+00:00,65,5,7,5.0,3.0,3.0,3.6666666666666665,5
2023-08-01 00:00:00+00:00,65,4,8,5.0,5.0,3.0,4.333333333333333,4
2023-09-01 00:00:00+00:00,65,5,9,4.0,5.0,5.0,4.666666666666667,5
2023-10-01 00:00:00+00:00,65,11,10,5.0,4.0,5.0,4.666666666666667,11
2023-11-01 00:00:00+00:00,65,3,11,11.0,5.0,4.0,6.666666666666667,3
2023-12-01 00:00:00+00:00,65,2,12,3.0,11.0,5.0,6.333333333333333,2
2024-01-01 00:00:00+00:00,65,1,1,2.0,3.0,11.0,5.333333333333333,1
2024-03-01 00:00:00+00:00,65,3,3,1.0,2.0,3.0,2.0,3
2024-04-01 00:00:00+00:00,65,6,4,3.0,1.0,2.0,2.0,6
2024-05-01 00:00:00+00:00,65,3,5,6.0,3.0,1.0,3.3333333333333335,3
2024-06-01 00:00:00+00:00,65,4,6,3.0,6.0,3.0,4.0,4
2024-07-01 00:00:00+00:00,65,9,7,4.0,3.0,6.0,4.333333333333333,9
2024-08-01 00:00:00+00:00,65,3,8,9.0,4.0,3.0,5.333333333333333,3
2024-09-01 00:00:00+00:00,65,12,9,3.0,9.0,4.0,5.333333333333333,12
2024-10-01 00:00:00+00:00,65,7,10,12.0,3.0,9.0,8.0,7
2024-11-01 00:00:00+00:00,65,3,11,7.0,12.0,3.0,7.333333333333333,3
2024-12-01 00:00:00+00:00,65,2,12,3.0,7.0,12.0,7.333333333333333,2
2025-02-01 00:00:00+00:00,65,7,2,2.0,3.0,7.0,4.0,7
2025-03-01 00:00:00+00:00,65,3,3,7.0,2.0,3.0,4.0,3
2025-04-01 00:00:00+00:00,65,9,4,3.0,7.0,2.0,4.0,9
2025-05-01 00:00:00+00:00,65,2,5,9.0,3.0,7.0,6.333333333333333,2
2025-06-01 00:00:00+00:00,65,2,6,2.0,9.0,3.0,4.666666666666667,2
2025-07-01 00:00:00+00:00,65,2,7,2.0,2.0,9.0,4.333333333333333,2
2025-08-01 00:00:00+00:00,65,7,8,2.0,2.0,2.0,2.0,7
2025-10-01 00:00:00+00:00,65,3,10,7.0,2.0,2.0,3.6666666666666665,3
2021-02-01 00:00:00+00:00,66,5,2,5.0,3.0,4.0,4.0,5
2021-03-01 00:00:00+00:00,66,16,3,5.0,5.0,3.0,4.333333333333333,16
2021-04-01 00:00:00+00:00,66,4,4,16.0,5.0,5.0,8.666666666666666,4
2021-05-01 00:00:00+00:00,66,5,5,4.0,16.0,5.0,8.333333333333334,5
2021-06-01 00:00:00+00:00,66,15,6,5.0,4.0,16.0,8.333333333333334,15
2021-07-01 00:00:00+00:00,66,8,7,15.0,5.0,4.0,8.0,8
2021-08-01 00:00:00+00:00,66,3,8,8.0,15.0,5.0,9.333333333333334,3
2021-09-01 00:00:00+00:00,66,2,9,3.0,8.0,15.0,8.666666666666666,2
2021-10-01 00:00:00+00:00,66,2,10,2.0,3.0,8.0,4.333333333333333,2
2021-12-01 00:00:00+00:00,66,10,12,2.0,2.0,3.0,2.3333333333333335,10
2022-01-01 00:00:00+00:00,66,7,1,10.0,2.0,2.0,4.666666666666667,7
2022-02-01 00:00:00+00:00,66,4,2,7.0,10.0,2.0,6.333333333333333,4
2022-03-01 00:00:00+00:00,66,8,3,4.0,7.0,10.0,7.0,8
2022-04-01 00:00:00+00:00,66,8,4,8.0,4.0,7.0,6.333333333333333,8
2022-05-01 00:00:00+00:00,66,9,5,8.0,8.0,4.0,6.666666666666667,9
2022-06-01 00:00:00+00:00,66,2,6,9.0,8.0,8.0,8.333333333333334,2
2022-08-01 00:00:00+00:00,66,7,8,2.0,9.0,8.0,6.333333333333333,7
2022-09-01 00:00:00+00:00,66,6,9,7.0,2.0,9.0,6.0,6
2022-10-01 00:00:00+00:00,66,1,10,6.0,7.0,2.0,5.0,1
2022-11-01 00:00:00+00:00,66,4,11,1.0,6.0,7.0,4.666666666666667,4
2022-12-01 00:00:00+00:00,66,7,12,4.0,1.0,6.0,3.6666666666666665,7
2023-01-01 00:00:00+00:00,66,5,1,7.0,4.0,1.0,4.0,5
2023-02-01 00:00:00+00:00,66,10,2,5.0,7.0,4.0,5.333333333333333,10
2023-03-01 00:00:00+00:00,66,2,3,10.0,5.0,7.0,7.333333333333333,2
2023-05-01 00:00:00+00:00,66,1,5,2.0,10.0,5.0,5.666666666666667,1
2023-06-01 00:00:00+00:00,66,4,6,1.0,2.0,10.0,4.333333333333333,4
2023-07-01 00:00:00+00:00,66,4,7,4.0,1.0,2.0,2.3333333333333335,4
2023-08-01 00:00:00+00:00,66,9,8,4.0,4.0,1.0,3.0,9
2023-09-01 00:00:00+00:00,66,6,9,9.0,4.0,4.0,5.666666666666667,6
2023-10-01 00:00:00+00:00,66,10,10,6.0,9.0,4.0,6.333333333333333,10
2023-11-01 00:00:00+00:00,66,4,11,10.0,6.0,9.0,8.333333333333334,4
2023-12-01 00:00:00+00:00,66,7,12,4.0,10.0,6.0,6.666666666666667,7
2024-01-01 00:00:00+00:00,66,3,1,7.0,4.0,10.0,7.0,3
2024-02-01 00:00:00+00:00,66,2,2,3.0,7.0,4.0,4.666666666666667,2
2024-03-01 00:00:00+00:00,66,4,3,2.0,3.0,7.0,4.0,4
2024-04-01 00:00:00+00:00,66,5,4,4.0,2.0,3.0,3.0,5
2024-05-01 00:00:00+00:00,66,14,5,5.0,4.0,2.0,3.6666666666666665,14
2024-07-01 00:00:00+00:00,66,3,7,14.0,5.0,4.0,7.666666666666667,3
2024-08-01 00:00:00+00:00,66,7,8,3.0,14.0,5.0,7.333333333333333,7
2024-09-01 00:00:00+00:00,66,3,9,7.0,3.0,14.0,8.0,3
2024-10-01 00:00:00+00:00,66,8,10,3.0,7.0,3.0,4.333333333333333,8
2024-11-01 00:00:00+00:00,66,1,11,8.0,3.0,7.0,6.0,1
2024-12-01 00:00:00+00:00,66,5,12,1.0,8.0,3.0,4.0,5
2025-01-01 00:00:00+00:00,66,5,1,5.0,1.0,8.0,4.666666666666667,5
2025-02-01 00:00:00+00:00,66,5,2,5.0,5.0,1.0,3.6666666666666665,5
2025-03-01 00:00:00+00:00,66,6,3,5.0,5.0,5.0,5.0,6
2025-04-01 00:00:00+00:00,66,8,4,6.0,5.0,5.0,5.333333333333333,8
2025-05-01 00:00:00+00:00,66,2,5,8.0,6.0,5.0,6.333333333333333,2
2025-06-01 00:00:00+00:00,66,12,6,2.0,8.0,6.0,5.333333333333333,12
2025-07-01 00:00:00+00:00,66,11,7,12.0,2.0,8.0,7.333333333333333,11
2025-08-01 00:00:00+00:00,66,8,8,11.0,12.0,2.0,8.333333333333334,8
2025-09-01 00:00:00+00:00,66,4,9,8.0,11.0,12.0,10.333333333333334,4
2025-11-01 00:00:00+00:00,66,4,11,4.0,8.0,11.0,7.666666666666667,4
2021-02-01 00:00:00+00:00,67,14,2,7.0,3.0,5.0,5.0,14
2021-03-01 00:00:00+00:00,67,6,3,14.0,7.0,3.0,8.0,6
2021-04-01 00:00:00+00:00,67,4,4,6.0,14.0,7.0,9.0,4
2021-06-01 00:00:00+00:00,67,5,6,4.0,6.0,14.0,8.0,5
2021-07-01 00:00:00+00:00,67,3,7,5.0,4.0,6.0,5.0,3
2021-08-01 00:00:00+00:00,67,3,8,3.0,5.0,4.0,4.0,3
2021-09-01 00:00:00+00:00,67,7,9,3.0,3.0,5.0,3.6666666666666665,7
2021-10-01 00:00:00+00:00,67,4,10,7.0,3.0,3.0,4.333333333333333,4
2021-11-01 00:00:00+00:00,67,8,11,4.0,7.0,3.0,4.666666666666667,8
2021-12-01 00:00:00+00:00,67,7,12,8.0,4.0,7.0,6.333333333333333,7
2022-01-01 00:00:00+00:00,67,8,1,7.0,8.0,4.0,6.333333333333333,8
2022-02-01 00:00:00+00:00,67,10,2,8.0,7.0,8.0,7.666666666666667,10
2022-03-01 00:00:00+00:00,67,2,3,10.0,8.0,7.0,8.333333333333334,2
2022-04-01 00:00:00+00:00,67,4,4,2.0,10.0,8.0,6.666666666666667,4
2022-05-01 00:00:00+00:00,67,2,5,4.0,2.0,10.0,5.333333333333333,2
2022-06-01 00:00:00+00:00,67,9,6,2.0,4.0,2.0,2.6666666666666665,9
2022-07-01 00:00:00+00:00,67,4,7,9.0,2.0,4.0,5.0,4
2022-08-01 00:00:00+00:00,67,8,8,4.0,9.0,2.0,5.0,8
2022-09-01 00:00:00+00:00,67,2,9,8.0,4.0,9.0,7.0,2
2022-10-01 00:00:00+00:00,67,5,10,2.0,8.0,4.0,4.666666666666667,5
2022-11-01 00:00:00+00:00,67,10,11,5.0,2.0,8.0,5.0,10
2022-12-01 00:00:00+00:00,67,14,12,10.0,5.0,2.0,5.666666666666667,14
2023-01-01 00:00:00+00:00,67,6,1,14.0,10.0,5.0,9.666666666666666,6
2023-02-01 00:00:00+00:00,67,5,2,6.0,14.0,10.0,10.0,5
2023-03-01 00:00:00+00:00,67,8,3,5.0,6.0,14.0,8.333333333333334,8
2023-04-01 00:00:00+00:00,67,5,4,8.0,5.0,6.0,6.333333333333333,5
2023-05-01 00:00:00+00:00,67,7,5,5.0,8.0,5.0,6.0,7
2023-06-01 00:00:00+00:00,67,6,6,7.0,5.0,8.0,6.666666666666667,6
2023-07-01 00:00:00+00:00,67,7,7,6.0,7.0,5.0,6.0,7
2023-08-01 00:00:00+00:00,67,4,8,7.0,6.0,7.0,6.666666666666667,4
2023-09-01 00:00:00+00:00,67,6,9,4.0,7.0,6.0,5.666666666666667,6
2023-11-01 00:00:00+00:00,67,2,11,6.0,4.0,7.0,5.666666666666667,2
2024-01-01 00:00:00+00:00,67,6,1,2.0,6.0,4.0,4.0,6
2024-02-01 00:00:00+00:00,67,8,2,6.0,2.0,6.0,4.666666666666667,8
2024-03-01 00:00:00+00:00,67,12,3,8.0,6.0,2.0,5.333333333333333,12
2024-04-01 00:00:00+00:00,67,8,4,12.0,8.0,6.0,8.666666666666666,8
2024-05-01 00:00:00+00:00,67,8,5,8.0,12.0,8.0,9.333333333333334,8
2024-06-01 00:00:00+00:00,67,6,6,8.0,8.0,12.0,9.333333333333334,6
2024-07-01 00:00:00+00:00,67,2,7,6.0,8.0,8.0,7.333333333333333,2
2024-08-01 00:00:00+00:00,67,6,8,2.0,6.0,8.0,5.333333333333333,6
2024-09-01 00:00:00+00:00,67,7,9,6.0,2.0,6.0,4.666666666666667,7
2024-10-01 00:00:00+00:00,67,3,10,7.0,6.0,2.0,5.0,3
2024-12-01 00:00:00+00:00,67,4,12,3.0,7.0,6.0,5.333333333333333,4
2025-01-01 00:00:00+00:00,67,2,1,4.0,3.0,7.0,4.666666666666667,2
2025-02-01 00:00:00+00:00,67,8,2,2.0,4.0,3.0,3.0,8
2025-03-01 00:00:00+00:00,67,6,3,8.0,2.0,4.0,4.666666666666667,6
2025-04-01 00:00:00+00:00,67,11,4,6.0,8.0,2.0,5.333333333333333,11
2025-05-01 00:00:00+00:00,67,3,5,11.0,6.0,8.0,8.333333333333334,3
2025-06-01 00:00:00+00:00,67,5,6,3.0,11.0,6.0,6.666666666666667,5
2025-08-01 00:00:00+00:00,67,5,8,5.0,3.0,11.0,6.333333333333333,5
2025-10-01 00:00:00+00:00,67,3,10,5.0,5.0,3.0,4.333333333333333,3
2021-02-01 00:00:00+00:00,68,6,2,7.0,3.0,4.0,4.666666666666667,6
2021-03-01 00:00:00+00:00,68,11,3,6.0,7.0,3.0,5.333333333333333,11
2021-04-01 00:00:00+00:00,68,9,4,11.0,6.0,7.0,8.0,9
2021-05-01 00:00:00+00:00,68,9,5,9.0,11.0,6.0,8.666666666666666,9
2021-06-01 00:00:00+00:00,68,4,6,9.0,9.0,11.0,9.666666666666666,4
2021-07-01 00:00:00+00:00,68,2,7,4.0,9.0,9.0,7.333333333333333,2
2021-08-01 00:00:00+00:00,68,6,8,2.0,4.0,9.0,5.0,6
2021-09-01 00:00:00+00:00,68,1,9,6.0,2.0,4.0,4.0,1
2021-10-01 00:00:00+00:00,68,7,10,1.0,6.0,2.0,3.0,7
2021-11-01 00:00:00+00:00,68,11,11,7.0,1.0,6.0,4.666666666666667,11
2021-12-01 00:00:00+00:00,68,2,12,11.0,7.0,1.0,6.333333333333333,2
2022-01-01 00:00:00+00:00,68,8,1,2.0,11.0,7.0,6.666666666666667,8
2022-02-01 00:00:00+00:00,68,9,2,8.0,2.0,11.0,7.0,9
2022-03-01 00:00:00+00:00,68,4,3,9.0,8.0,2.0,6.333333333333333,4
2022-04-01 00:00:00+00:00,68,3,4,4.0,9.0,8.0,7.0,3
2022-05-01 00:00:00+00:00,68,8,5,3.0,4.0,9.0,5.333333333333333,8
2022-06-01 00:00:00+00:00,68,5,6,8.0,3.0,4.0,5.0,5
2022-07-01 00:00:00+00:00,68,4,7,5.0,8.0,3.0,5.333333333333333,4
2022-08-01 00:00:00+00:00,68,8,8,4.0,5.0,8.0,5.666666666666667,8
2022-09-01 00:00:00+00:00,68,3,9,8.0,4.0,5.0,5.666666666666667,3
2022-10-01 00:00:00+00:00,68,6,10,3.0,8.0,4.0,5.0,6
2022-12-01 00:00:00+00:00,68,3,12,6.0,3.0,8.0,5.666666666666667,3
2023-01-01 00:00:00+00:00,68,1,1,3.0,6.0,3.0,4.0,1
2023-02-01 00:00:00+00:00,68,1,2,1.0,3.0,6.0,3.3333333333333335,1
2023-03-01 00:00:00+00:00,68,10,3,1.0,1.0,3.0,1.6666666666666667,10
2023-04-01 00:00:00+00:00,68,7,4,10.0,1.0,1.0,4.0,7
2023-05-01 00:00:00+00:00,68,7,5,7.0,10.0,1.0,6.0,7
2023-07-01 00:00:00+00:00,68,3,7,7.0,7.0,10.0,8.0,3
2023-08-01 00:00:00+00:00,68,6,8,3.0,7.0,7.0,5.666666666666667,6
2023-09-01 00:00:00+00:00,68,2,9,6.0,3.0,7.0,5.333333333333333,2
2023-10-01 00:00:00+00:00,68,3,10,2.0,6.0,3.0,3.6666666666666665,3
2023-11-01 00:00:00+00:00,68,3,11,3.0,2.0,6.0,3.6666666666666665,3
2023-12-01 00:00:00+00:00,68,1,12,3.0,3.0,2.0,2.6666666666666665,1
2024-01-01 00:00:00+00:00,68,3,1,1.0,3.0,3.0,2.3333333333333335,3
2024-02-01 00:00:00+00:00,68,18,2,3.0,1.0,3.0,2.3333333333333335,18
2024-03-01 00:00:00+00:00,68,3,3,18.0,3.0,1.0,7.333333333333333,3
2024-04-01 00:00:00+00:00,68,4,4,3.0,18.0,3.0,8.0,4
2024-05-01 00:00:00+00:00,68,2,5,4.0,3.0,18.0,8.333333333333334,2
2024-06-01 00:00:00+00:00,68,5,6,2.0,4.0,3.0,3.0,5
2024-07-01 00:00:00+00:00,68,8,7,5.0,2.0,4.0,3.6666666666666665,8
2024-08-01 00:00:00+00:00,68,6,8,8.0,5.0,2.0,5.0,6
2024-09-01 00:00:00+00:00,68,4,9,6.0,8.0,5.0,6.333333333333333,4
2024-10-01 00:00:00+00:00,68,4,10,4.0,6.0,8.0,6.0,4
2024-11-01 00:00:00+00:00,68,7,11,4.0,4.0,6.0,4.666666666666667,7
2024-12-01 00:00:00+00:00,68,8,12,7.0,4.0,4.0,5.0,8
2025-01-01 00:00:00+00:00,68,16,1,8.0,7.0,4.0,6.333333333333333,16
2025-02-01 00:00:00+00:00,68,7,2,16.0,8.0,7.0,10.333333333333334,7
2025-03-01 00:00:00+00:00,68,5,3,7.0,16.0,8.0,10.333333333333334,5
2025-04-01 00:00:00+00:00,68,9,4,5.0,7.0,16.0,9.333333333333334,9
2025-05-01 00:00:00+00:00,68,3,5,9.0,5.0,7.0,7.0,3
2025-06-01 00:00:00+00:00,68,2,6,3.0,9.0,5.0,5.666666666666667,2
2025-08-01 00:00:00+00:00,68,4,8,2.0,3.0,9.0,4.666666666666667,4
2025-09-01 00:00:00+00:00,68,11,9,4.0,2.0,3.0,3.0,11
2025-10-01 00:00:00+00:00,68,4,10,11.0,4.0,2.0,5.666666666666667,4
2021-03-01 00:00:00+00:00,69,9,3,5.0,3.0,6.0,4.666666666666667,9
2021-04-01 00:00:00+00:00,69,5,4,9.0,5.0,3.0,5.666666666666667,5
2021-05-01 00:00:00+00:00,69,4,5,5.0,9.0,5.0,6.333333333333333,4
2021-06-01 00:00:00+00:00,69,5,6,4.0,5.0,9.0,6.0,5
2021-07-01 00:00:00+00:00,69,6,7,5.0,4.0,5.0,4.666666666666667,6
2021-08-01 00:00:00+00:00,69,1,8,6.0,5.0,4.0,5.0,1
2021-10-01 00:00:00+00:00,69,5,10,1.0,6.0,5.0,4.0,5
2021-11-01 00:00:00+00:00,69,4,11,5.0,1.0,6.0,4.0,4
2021-12-01 00:00:00+00:00,69,2,12,4.0,5.0,1.0,3.3333333333333335,2
2022-01-01 00:00:00+00:00,69,5,1,2.0,4.0,5.0,3.6666666666666665,5
2022-02-01 00:00:00+00:00,69,5,2,5.0,2.0,4.0,3.6666666666666665,5
2022-03-01 00:00:00+00:00,69,8,3,5.0,5.0,2.0,4.0,8
2022-04-01 00:00:00+00:00,69,1,4,8.0,5.0,5.0,6.0,1
2022-05-01 00:00:00+00:00,69,3,5,1.0,8.0,5.0,4.666666666666667,3
2022-06-01 00:00:00+00:00,69,6,6,3.0,1.0,8.0,4.0,6
2022-07-01 00:00:00+00:00,69,10,7,6.0,3.0,1.0,3.3333333333333335,10
2022-08-01 00:00:00+00:00,69,10,8,10.0,6.0,3.0,6.333333333333333,10
2022-09-01 00:00:00+00:00,69,6,9,10.0,10.0,6.0,8.666666666666666,6
2022-10-01 00:00:00+00:00,69,3,10,6.0,10.0,10.0,8.666666666666666,3
2022-11-01 00:00:00+00:00,69,9,11,3.0,6.0,10.0,6.333333333333333,9
2022-12-01 00:00:00+00:00,69,8,12,9.0,3.0,6.0,6.0,8
2023-01-01 00:00:00+00:00,69,5,1,8.0,9.0,3.0,6.666666666666667,5
2023-02-01 00:00:00+00:00,69,3,2,5.0,8.0,9.0,7.333333333333333,3
2023-03-01 00:00:00+00:00,69,10,3,3.0,5.0,8.0,5.333333333333333,10
2023-04-01 00:00:00+00:00,69,4,4,10.0,3.0,5.0,6.0,4
2023-05-01 00:00:00+00:00,69,7,5,4.0,10.0,3.0,5.666666666666667,7
2023-06-01 00:00:00+00:00,69,2,6,7.0,4.0,10.0,7.0,2
2023-07-01 00:00:00+00:00,69,6,7,2.0,7.0,4.0,4.333333333333333,6
2023-08-01 00:00:00+00:00,69,9,8,6.0,2.0,7.0,5.0,9
2023-09-01 00:00:00+00:00,69,3,9,9.0,6.0,2.0,5.666666666666667,3
2023-10-01 00:00:00+00:00,69,7,10,3.0,9.0,6.0,6.0,7
2023-12-01 00:00:00+00:00,69,5,12,7.0,3.0,9.0,6.333333333333333,5
2024-01-01 00:00:00+00:00,69,5,1,5.0,7.0,3.0,5.0,5
2024-02-01 00:00:00+00:00,69,6,2,5.0,5.0,7.0,5.666666666666667,6
2024-03-01 00:00:00+00:00,69,9,3,6.0,5.0,5.0,5.333333333333333,9
2024-04-01 00:00:00+00:00,69,7,4,9.0,6.0,5.0,6.666666666666667,7
2024-05-01 00:00:00+00:00,69,3,5,7.0,9.0,6.0,7.333333333333333,3
2024-06-01 00:00:00+00:00,69,2,6,3.0,7.0,9.0,6.333333333333333,2
2024-07-01 00:00:00+00:00,69,8,7,2.0,3.0,7.0,4.0,8
2024-08-01 00:00:00+00:00,69,5,8,8.0,2.0,3.0,4.333333333333333,5
2024-09-01 00:00:00+00:00,69,7,9,5.0,8.0,2.0,5.0,7
2024-10-01 00:00:00+00:00,69,4,10,7.0,5.0,8.0,6.666666666666667,4
2024-11-01 00:00:00+00:00,69,1,11,4.0,7.0,5.0,5.333333333333333,1
2025-01-01 00:00:00+00:00,69,12,1,1.0,4.0,7.0,4.0,12
2025-02-01 00:00:00+00:00,69,2,2,12.0,1.0,4.0,5.666666666666667,2
2025-03-01 00:00:00+00:00,69,15,3,2.0,12.0,1.0,5.0,15
2025-04-01 00:00:00+00:00,69,7,4,15.0,2.0,12.0,9.666666666666666,7
2025-05-01 00:00:00+00:00,69,4,5,7.0,15.0,2.0,8.0,4
2025-06-01 00:00:00+00:00,69,4,6,4.0,7.0,15.0,8.666666666666666,4
2025-07-01 00:00:00+00:00,69,9,7,4.0,4.0,7.0,5.0,9
2025-08-01 00:00:00+00:00,69,5,8,9.0,4.0,4.0,5.666666666666667,5
2025-09-01 00:00:00+00:00,69,7,9,5.0,9.0,4.0,6.0,7
2025-10-01 00:00:00+00:00,69,4,10,7.0,5.0,9.0,7.0,4
2021-02-01 00:00:00+00:00,70,1,2,6.0,5.0,1.0,4.0,1
2021-03-01 00:00:00+00:00,70,12,3,1.0,6.0,5.0,4.0,12
2021-04-01 00:00:00+00:00,70,2,4,12.0,1.0,6.0,6.333333333333333,2
2021-05-01 00:00:00+00:00,70,9,5,2.0,12.0,1.0,5.0,9
2021-06-01 00:00:00+00:00,70,10,6,9.0,2.0,12.0,7.666666666666667,10
2021-07-01 00:00:00+00:00,70,7,7,10.0,9.0,2.0,7.0,7
2021-08-01 00:00:00+00:00,70,8,8,7.0,10.0,9.0,8.666666666666666,8
2021-09-01 00:00:00+00:00,70,2,9,8.0,7.0,10.0,8.333333333333334,2
2021-11-01 00:00:00+00:00,70,6,11,2.0,8.0,7.0,5.666666666666667,6
2021-12-01 00:00:00+00:00,70,1,12,6.0,2.0,8.0,5.333333333333333,1
2022-01-01 00:00:00+00:00,70,6,1,1.0,6.0,2.0,3.0,6
2022-02-01 00:00:00+00:00,70,4,2,6.0,1.0,6.0,4.333333333333333,4
2022-03-01 00:00:00+00:00,70,8,3,4.0,6.0,1.0,3.6666666666666665,8
2022-04-01 00:00:00+00:00,70,5,4,8.0,4.0,6.0,6.0,5
2022-05-01 00:00:00+00:00,70,6,5,5.0,8.0,4.0,5.666666666666667,6
2022-06-01 00:00:00+00:00,70,13,6,6.0,5.0,8.0,6.333333333333333,13
2022-08-01 00:00:00+00:00,70,10,8,13.0,6.0,5.0,8.0,10
2022-09-01 00:00:00+00:00,70,14,9,10.0,13.0,6.0,9.666666666666666,14
2022-10-01 00:00:00+00:00,70,5,10,14.0,10.0,13.0,12.333333333333334,5
2022-11-01 00:00:00+00:00,70,6,11,5.0,14.0,10.0,9.666666666666666,6
2022-12-01 00:00:00+00:00,70,6,12,6.0,5.0,14.0,8.333333333333334,6
2023-01-01 00:00:00+00:00,70,11,1,6.0,6.0,5.0,5.666666666666667,11
2023-03-01 00:00:00+00:00,70,8,3,11.0,6.0,6.0,7.666666666666667,8
2023-04-01 00:00:00+00:00,70,2,4,8.0,11.0,6.0,8.333333333333334,2
2023-05-01 00:00:00+00:00,70,3,5,2.0,8.0,11.0,7.0,3
2023-06-01 00:00:00+00:00,70,4,6,3.0,2.0,8.0,4.333333333333333,4
2023-07-01 00:00:00+00:00,70,7,7,4.0,3.0,2.0,3.0,7
2023-08-01 00:00:00+00:00,70,5,8,7.0,4.0,3.0,4.666666666666667,5
2023-09-01 00:00:00+00:00,70,1,9,5.0,7.0,4.0,5.333333333333333,1
2023-10-01 00:00:00+00:00,70,8,10,1.0,5.0,7.0,4.333333333333333,8
2023-11-01 00:00:00+00:00,70,3,11,8.0,1.0,5.0,4.666666666666667,3
2023-12-01 00:00:00+00:00,70,9,12,3.0,8.0,1.0,4.0,9
2024-01-01 00:00:00+00:00,70,2,1,9.0,3.0,8.0,6.666666666666667,2
2024-02-01 00:00:00+00:00,70,6,2,2.0,9.0,3.0,4.666666666666667,6
2024-03-01 00:00:00+00:00,70,5,3,6.0,2.0,9.0,5.666666666666667,5
2024-04-01 00:00:00+00:00,70,9,4,5.0,6.0,2.0,4.333333333333333,9
2024-05-01 00:00:00+00:00,70,6,5,9.0,5.0,6.0,6.666666666666667,6
2024-06-01 00:00:00+00:00,70,6,6,6.0,9.0,5.0,6.666666666666667,6
2024-07-01 00:00:00+00:00,70,10,7,6.0,6.0,9.0,7.0,10
2024-08-01 00:00:00+00:00,70,8,8,10.0,6.0,6.0,7.333333333333333,8
2024-09-01 00:00:00+00:00,70,3,9,8.0,10.0,6.0,8.0,3
2024-11-01 00:00:00+00:00,70,6,11,3.0,8.0,10.0,7.0,6
2024-12-01 00:00:00+00:00,70,5,12,6.0,3.0,8.0,5.666666666666667,5
2025-02-01 00:00:00+00:00,70,1,2,5.0,6.0,3.0,4.666666666666667,1
2025-03-01 00:00:00+00:00,70,9,3,1.0,5.0,6.0,4.0,9
2025-04-01 00:00:00+00:00,70,9,4,9.0,1.0,5.0,5.0,9
2025-05-01 00:00:00+00:00,70,2,5,9.0,9.0,1.0,6.333333333333333,2
2025-06-01 00:00:00+00:00,70,5,6,2.0,9.0,9.0,6.666666666666667,5
2025-08-01 00:00:00+00:00,70,5,8,5.0,2.0,9.0,5.333333333333333,5
2025-11-01 00:00:00+00:00,70,8,11,5.0,5.0,2.0,4.0,8
2021-02-01 00:00:00+00:00,71,4,2,6.0,7.0,8.0,7.0,4
2021-03-01 00:00:00+00:00,71,7,3,4.0,6.0,7.0,5.666666666666667,7
2021-04-01 00:00:00+00:00,71,1,4,7.0,4.0,6.0,5.666666666666667,1
2021-05-01 00:00:00+00:00,71,1,5,1.0,7.0,4.0,4.0,1
2021-06-01 00:00:00+00:00,71,6,6,1.0,1.0,7.0,3.0,6
2021-07-01 00:00:00+00:00,71,6,7,6.0,1.0,1.0,2.6666666666666665,6
2021-08-01 00:00:00+00:00,71,9,8,6.0,6.0,1.0,4.333333333333333,9
2021-09-01 00:00:00+00:00,71,3,9,9.0,6.0,6.0,7.0,3
2021-10-01 00:00:00+00:00,71,4,10,3.0,9.0,6.0,6.0,4
2021-11-01 00:00:00+00:00,71,5,11,4.0,3.0,9.0,5.333333333333333,5
2021-12-01 00:00:00+00:00,71,5,12,5.0,4.0,3.0,4.0,5
2022-01-01 00:00:00+00:00,71,4,1,5.0,5.0,4.0,4.666666666666667,4
2022-02-01 00:00:00+00:00,71,3,2,4.0,5.0,5.0,4.666666666666667,3
2022-03-01 00:00:00+00:00,71,6,3,3.0,4.0,5.0,4.0,6
2022-05-01 00:00:00+00:00,71,9,5,6.0,3.0,4.0,4.333333333333333,9
2022-06-01 00:00:00+00:00,71,2,6,9.0,6.0,3.0,6.0,2
2022-07-01 00:00:00+00:00,71,3,7,2.0,9.0,6.0,5.666666666666667,3
2022-08-01 00:00:00+00:00,71,7,8,3.0,2.0,9.0,4.666666666666667,7
2022-09-01 00:00:00+00:00,71,2,9,7.0,3.0,2.0,4.0,2
2022-11-01 00:00:00+00:00,71,9,11,2.0,7.0,3.0,4.0,9
2022-12-01 00:00:00+00:00,71,3,12,9.0,2.0,7.0,6.0,3
2023-02-01 00:00:00+00:00,71,16,2,3.0,9.0,2.0,4.666666666666667,16
2023-03-01 00:00:00+00:00,71,12,3,16.0,3.0,9.0,9.333333333333334,12
2023-04-01 00:00:00+00:00,71,10,4,12.0,16.0,3.0,10.333333333333334,10
2023-05-01 00:00:00+00:00,71,3,5,10.0,12.0,16.0,12.666666666666666,3
2023-06-01 00:00:00+00:00,71,5,6,3.0,10.0,12.0,8.333333333333334,5
2023-07-01 00:00:00+00:00,71,11,7,5.0,3.0,10.0,6.0,11
2023-08-01 00:00:00+00:00,71,4,8,11.0,5.0,3.0,6.333333333333333,4
2023-09-01 00:00:00+00:00,71,4,9,4.0,11.0,5.0,6.666666666666667,4
2023-10-01 00:00:00+00:00,71,8,10,4.0,4.0,11.0,6.333333333333333,8
2023-11-01 00:00:00+00:00,71,4,11,8.0,4.0,4.0,5.333333333333333,4
2023-12-01 00:00:00+00:00,71,6,12,4.0,8.0,4.0,5.333333333333333,6
2024-01-01 00:00:00+00:00,71,4,1,6.0,4.0,8.0,6.0,4
2024-02-01 00:00:00+00:00,71,2,2,4.0,6.0,4.0,4.666666666666667,2
2024-03-01 00:00:00+00:00,71,4,3,2.0,4.0,6.0,4.0,4
2024-04-01 00:00:00+00:00,71,5,4,4.0,2.0,4.0,3.3333333333333335,5
2024-05-01 00:00:00+00:00,71,7,5,5.0,4.0,2.0,3.6666666666666665,7
2024-06-01 00:00:00+00:00,71,7,6,7.0,5.0,4.0,5.333333333333333,7
2024-07-01 00:00:00+00:00,71,4,7,7.0,7.0,5.0,6.333333333333333,4
2024-08-01 00:00:00+00:00,71,6,8,4.0,7.0,7.0,6.0,6
2024-09-01 00:00:00+00:00,71,7,9,6.0,4.0,7.0,5.666666666666667,7
2024-10-01 00:00:00+00:00,71,3,10,7.0,6.0,4.0,5.666666666666667,3
2024-11-01 00:00:00+00:00,71,5,11,3.0,7.0,6.0,5.333333333333333,5
2024-12-01 00:00:00+00:00,71,3,12,5.0,3.0,7.0,5.0,3
2025-01-01 00:00:00+00:00,71,7,1,3.0,5.0,3.0,3.6666666666666665,7
2025-02-01 00:00:00+00:00,71,5,2,7.0,3.0,5.0,5.0,5
2025-03-01 00:00:00+00:00,71,1,3,5.0,7.0,3.0,5.0,1
2025-04-01 00:00:00+00:00,71,3,4,1.0,5.0,7.0,4.333333333333333,3
2025-05-01 00:00:00+00:00,71,3,5,3.0,1.0,5.0,3.0,3
2025-06-01 00:00:00+00:00,71,4,6,3.0,3.0,1.0,2.3333333333333335,4
2025-07-01 00:00:00+00:00,71,3,7,4.0,3.0,3.0,3.3333333333333335,3
2025-08-01 00:00:00+00:00,71,7,8,3.0,4.0,3.0,3.3333333333333335,7
2025-09-01 00:00:00+00:00,71,3,9,7.0,3.0,4.0,4.666666666666667,3
2025-10-01 00:00:00+00:00,71,4,10,3.0,7.0,3.0,4.333333333333333,4
2025-11-01 00:00:00+00:00,71,3,11,4.0,3.0,7.0,4.666666666666667,3
2021-03-01 00:00:00+00:00,72,6,3,2.0,10.0,5.0,5.666666666666667,6
2021-05-01 00:00:00+00:00,72,7,5,6.0,2.0,10.0,6.0,7
2021-06-01 00:00:00+00:00,72,9,6,7.0,6.0,2.0,5.0,9
2021-07-01 00:00:00+00:00,72,6,7,9.0,7.0,6.0,7.333333333333333,6
2021-08-01 00:00:00+00:00,72,5,8,6.0,9.0,7.0,7.333333333333333,5
2021-09-01 00:00:00+00:00,72,10,9,5.0,6.0,9.0,6.666666666666667,10
2021-10-01 00:00:00+00:00,72,7,10,10.0,5.0,6.0,7.0,7
2021-11-01 00:00:00+00:00,72,3,11,7.0,10.0,5.0,7.333333333333333,3
2022-01-01 00:00:00+00:00,72,8,1,3.0,7.0,10.0,6.666666666666667,8
2022-02-01 00:00:00+00:00,72,9,2,8.0,3.0,7.0,6.0,9
2022-04-01 00:00:00+00:00,72,5,4,9.0,8.0,3.0,6.666666666666667,5
2022-05-01 00:00:00+00:00,72,2,5,5.0,9.0,8.0,7.333333333333333,2
2022-06-01 00:00:00+00:00,72,5,6,2.0,5.0,9.0,5.333333333333333,5
2022-07-01 00:00:00+00:00,72,8,7,5.0,2.0,5.0,4.0,8
2022-08-01 00:00:00+00:00,72,8,8,8.0,5.0,2.0,5.0,8
2022-09-01 00:00:00+00:00,72,8,9,8.0,8.0,5.0,7.0,8
2022-11-01 00:00:00+00:00,72,16,11,8.0,8.0,8.0,8.0,16
2022-12-01 00:00:00+00:00,72,4,12,16.0,8.0,8.0,10.666666666666666,4
2023-01-01 00:00:00+00:00,72,3,1,4.0,16.0,8.0,9.333333333333334,3
2023-02-01 00:00:00+00:00,72,5,2,3.0,4.0,16.0,7.666666666666667,5
2023-03-01 00:00:00+00:00,72,9,3,5.0,3.0,4.0,4.0,9
2023-04-01 00:00:00+00:00,72,2,4,9.0,5.0,3.0,5.666666666666667,2
2023-05-01 00:00:00+00:00,72,5,5,2.0,9.0,5.0,5.333333333333333,5
2023-06-01 00:00:00+00:00,72,4,6,5.0,2.0,9.0,5.333333333333333,4
2023-07-01 00:00:00+00:00,72,1,7,4.0,5.0,2.0,3.6666666666666665,1
2023-08-01 00:00:00+00:00,72,6,8,1.0,4.0,5.0,3.3333333333333335,6
2023-09-01 00:00:00+00:00,72,3,9,6.0,1.0,4.0,3.6666666666666665,3
2023-10-01 00:00:00+00:00,72,11,10,3.0,6.0,1.0,3.3333333333333335,11
2023-11-01 00:00:00+00:00,72,4,11,11.0,3.0,6.0,6.666666666666667,4
2023-12-01 00:00:00+00:00,72,6,12,4.0,11.0,3.0,6.0,6
2024-02-01 00:00:00+00:00,72,1,2,6.0,4.0,11.0,7.0,1
2024-03-01 00:00:00+00:00,72,6,3,1.0,6.0,4.0,3.6666666666666665,6
2024-04-01 00:00:00+00:00,72,8,4,6.0,1.0,6.0,4.333333333333333,8
2024-06-01 00:00:00+00:00,72,1,6,8.0,6.0,1.0,5.0,1
2024-08-01 00:00:00+00:00,72,4,8,1.0,8.0,6.0,5.0,4
2024-10-01 00:00:00+00:00,72,12,10,4.0,1.0,8.0,4.333333333333333,12
2024-11-01 00:00:00+00:00,72,4,11,12.0,4.0,1.0,5.666666666666667,4
2024-12-01 00:00:00+00:00,72,6,12,4.0,12.0,4.0,6.666666666666667,6
2025-01-01 00:00:00+00:00,72,7,1,6.0,4.0,12.0,7.333333333333333,7
2025-02-01 00:00:00+00:00,72,8,2,7.0,6.0,4.0,5.666666666666667,8
2025-03-01 00:00:00+00:00,72,5,3,8.0,7.0,6.0,7.0,5
2025-04-01 00:00:00+00:00,72,4,4,5.0,8.0,7.0,6.666666666666667,4
2025-05-01 00:00:00+00:00,72,5,5,4.0,5.0,8.0,5.666666666666667,5
2025-07-01 00:00:00+00:00,72,5,7,5.0,4.0,5.0,4.666666666666667,5
2025-08-01 00:00:00+00:00,72,10,8,5.0,5.0,4.0,4.666666666666667,10
2025-09-01 00:00:00+00:00,72,4,9,10.0,5.0,5.0,6.666666666666667,4
2025-10-01 00:00:00+00:00,72,6,10,4.0,10.0,5.0,6.333333333333333,6
2025-11-01 00:00:00+00:00,72,2,11,6.0,4.0,10.0,6.666666666666667,2
2021-02-01 00:00:00+00:00,73,2,2,1.0,9.0,10.0,6.666666666666667,2
2021-03-01 00:00:00+00:00,73,3,3,2.0,1.0,9.0,4.0,3
2021-04-01 00:00:00+00:00,73,7,4,3.0,2.0,1.0,2.0,7
2021-05-01 00:00:00+00:00,73,1,5,7.0,3.0,2.0,4.0,1
2021-06-01 00:00:00+00:00,73,6,6,1.0,7.0,3.0,3.6666666666666665,6
2021-07-01 00:00:00+00:00,73,12,7,6.0,1.0,7.0,4.666666666666667,12
2021-08-01 00:00:00+00:00,73,2,8,12.0,6.0,1.0,6.333333333333333,2
2021-09-01 00:00:00+00:00,73,3,9,2.0,12.0,6.0,6.666666666666667,3
2021-10-01 00:00:00+00:00,73,3,10,3.0,2.0,12.0,5.666666666666667,3
2021-11-01 00:00:00+00:00,73,1,11,3.0,3.0,2.0,2.6666666666666665,1
2021-12-01 00:00:00+00:00,73,13,12,1.0,3.0,3.0,2.3333333333333335,13
2022-01-01 00:00:00+00:00,73,5,1,13.0,1.0,3.0,5.666666666666667,5
2022-03-01 00:00:00+00:00,73,3,3,5.0,13.0,1.0,6.333333333333333,3
2022-04-01 00:00:00+00:00,73,4,4,3.0,5.0,13.0,7.0,4
2022-05-01 00:00:00+00:00,73,1,5,4.0,3.0,5.0,4.0,1
2022-06-01 00:00:00+00:00,73,8,6,1.0,4.0,3.0,2.6666666666666665,8
2022-08-01 00:00:00+00:00,73,4,8,8.0,1.0,4.0,4.333333333333333,4
2022-09-01 00:00:00+00:00,73,2,9,4.0,8.0,1.0,4.333333333333333,2
2022-10-01 00:00:00+00:00,73,16,10,2.0,4.0,8.0,4.666666666666667,16
2022-11-01 00:00:00+00:00,73,3,11,16.0,2.0,4.0,7.333333333333333,3
2022-12-01 00:00:00+00:00,73,1,12,3.0,16.0,2.0,7.0,1
2023-01-01 00:00:00+00:00,73,8,1,1.0,3.0,16.0,6.666666666666667,8
2023-02-01 00:00:00+00:00,73,3,2,8.0,1.0,3.0,4.0,3
2023-03-01 00:00:00+00:00,73,2,3,3.0,8.0,1.0,4.0,2
2023-04-01 00:00:00+00:00,73,3,4,2.0,3.0,8.0,4.333333333333333,3
2023-06-01 00:00:00+00:00,73,3,6,3.0,2.0,3.0,2.6666666666666665,3
2023-07-01 00:00:00+00:00,73,2,7,3.0,3.0,2.0,2.6666666666666665,2
2023-09-01 00:00:00+00:00,73,5,9,2.0,3.0,3.0,2.6666666666666665,5
2023-10-01 00:00:00+00:00,73,10,10,5.0,2.0,3.0,3.3333333333333335,10
2023-11-01 00:00:00+00:00,73,2,11,10.0,5.0,2.0,5.666666666666667,2
2023-12-01 00:00:00+00:00,73,9,12,2.0,10.0,5.0,5.666666666666667,9
2024-01-01 00:00:00+00:00,73,1,1,9.0,2.0,10.0,7.0,1
2024-02-01 00:00:00+00:00,73,11,2,1.0,9.0,2.0,4.0,11
2024-03-01 00:00:00+00:00,73,5,3,11.0,1.0,9.0,7.0,5
2024-04-01 00:00:00+00:00,73,2,4,5.0,11.0,1.0,5.666666666666667,2
2024-05-01 00:00:00+00:00,73,8,5,2.0,5.0,11.0,6.0,8
2024-06-01 00:00:00+00:00,73,8,6,8.0,2.0,5.0,5.0,8
2024-08-01 00:00:00+00:00,73,12,8,8.0,8.0,2.0,6.0,12
2024-09-01 00:00:00+00:00,73,2,9,12.0,8.0,8.0,9.333333333333334,2
2024-10-01 00:00:00+00:00,73,2,10,2.0,12.0,8.0,7.333333333333333,2
2024-11-01 00:00:00+00:00,73,3,11,2.0,2.0,12.0,5.333333333333333,3
2025-01-01 00:00:00+00:00,73,3,1,3.0,2.0,2.0,2.3333333333333335,3
2025-02-01 00:00:00+00:00,73,7,2,3.0,3.0,2.0,2.6666666666666665,7
2025-04-01 00:00:00+00:00,73,6,4,7.0,3.0,3.0,4.333333333333333,6
2025-06-01 00:00:00+00:00,73,2,6,6.0,7.0,3.0,5.333333333333333,2
2025-07-01 00:00:00+00:00,73,11,7,2.0,6.0,7.0,5.0,11
2025-08-01 00:00:00+00:00,73,8,8,11.0,2.0,6.0,6.333333333333333,8
2025-09-01 00:00:00+00:00,73,7,9,8.0,11.0,2.0,7.0,7
2025-10-01 00:00:00+00:00,73,3,10,7.0,8.0,11.0,8.666666666666666,3
2025-11-01 00:00:00+00:00,73,3,11,3.0,7.0,8.0,6.0,3
2021-03-01 00:00:00+00:00,74,6,3,2.0,6.0,11.0,6.333333333333333,6
2021-04-01 00:00:00+00:00,74,9,4,6.0,2.0,6.0,4.666666666666667,9
2021-05-01 00:00:00+00:00,74,9,5,9.0,6.0,2.0,5.666666666666667,9
2021-06-01 00:00:00+00:00,74,4,6,9.0,9.0,6.0,8.0,4
2021-07-01 00:00:00+00:00,74,3,7,4.0,9.0,9.0,7.333333333333333,3
2021-08-01 00:00:00+00:00,74,1,8,3.0,4.0,9.0,5.333333333333333,1
2021-09-01 00:00:00+00:00,74,7,9,1.0,3.0,4.0,2.6666666666666665,7
2021-11-01 00:00:00+00:00,74,11,11,7.0,1.0,3.0,3.6666666666666665,11
2021-12-01 00:00:00+00:00,74,3,12,11.0,7.0,1.0,6.333333333333333,3
2022-01-01 00:00:00+00:00,74,6,1,3.0,11.0,7.0,7.0,6
2022-02-01 00:00:00+00:00,74,5,2,6.0,3.0,11.0,6.666666666666667,5
2022-03-01 00:00:00+00:00,74,5,3,5.0,6.0,3.0,4.666666666666667,5
2022-04-01 00:00:00+00:00,74,5,4,5.0,5.0,6.0,5.333333333333333,5
2022-05-01 00:00:00+00:00,74,13,5,5.0,5.0,5.0,5.0,13
2022-06-01 00:00:00+00:00,74,6,6,13.0,5.0,5.0,7.666666666666667,6
2022-07-01 00:00:00+00:00,74,6,7,6.0,13.0,5.0,8.0,6
2022-08-01 00:00:00+00:00,74,2,8,6.0,6.0,13.0,8.333333333333334,2
2022-09-01 00:00:00+00:00,74,1,9,2.0,6.0,6.0,4.666666666666667,1
2022-10-01 00:00:00+00:00,74,1,10,1.0,2.0,6.0,3.0,1
2022-11-01 00:00:00+00:00,74,5,11,1.0,1.0,2.0,1.3333333333333333,5
2022-12-01 00:00:00+00:00,74,1,12,5.0,1.0,1.0,2.3333333333333335,1
2023-01-01 00:00:00+00:00,74,2,1,1.0,5.0,1.0,2.3333333333333335,2
2023-02-01 00:00:00+00:00,74,1,2,2.0,1.0,5.0,2.6666666666666665,1
2023-03-01 00:00:00+00:00,74,7,3,1.0,2.0,1.0,1.3333333333333333,7
2023-04-01 00:00:00+00:00,74,3,4,7.0,1.0,2.0,3.3333333333333335,3
2023-05-01 00:00:00+00:00,74,10,5,3.0,7.0,1.0,3.6666666666666665,10
2023-06-01 00:00:00+00:00,74,10,6,10.0,3.0,7.0,6.666666666666667,10
2023-07-01 00:00:00+00:00,74,6,7,10.0,10.0,3.0,7.666666666666667,6
2023-08-01 00:00:00+00:00,74,5,8,6.0,10.0,10.0,8.666666666666666,5
2023-09-01 00:00:00+00:00,74,3,9,5.0,6.0,10.0,7.0,3
2023-10-01 00:00:00+00:00,74,8,10,3.0,5.0,6.0,4.666666666666667,8
2023-12-01 00:00:00+00:00,74,5,12,8.0,3.0,5.0,5.333333333333333,5
2024-01-01 00:00:00+00:00,74,6,1,5.0,8.0,3.0,5.333333333333333,6
2024-02-01 00:00:00+00:00,74,5,2,6.0,5.0,8.0,6.333333333333333,5
2024-03-01 00:00:00+00:00,74,7,3,5.0,6.0,5.0,5.333333333333333,7
2024-04-01 00:00:00+00:00,74,6,4,7.0,5.0,6.0,6.0,6
2024-05-01 00:00:00+00:00,74,4,5,6.0,7.0,5.0,6.0,4
2024-06-01 00:00:00+00:00,74,5,6,4.0,6.0,7.0,5.666666666666667,5
2024-07-01 00:00:00+00:00,74,5,7,5.0,4.0,6.0,5.0,5
2024-08-01 00:00:00+00:00,74,10,8,5.0,5.0,4.0,4.666666666666667,10
2024-09-01 00:00:00+00:00,74,12,9,10.0,5.0,5.0,6.666666666666667,12
2025-01-01 00:00:00+00:00,74,3,1,12.0,10.0,5.0,9.0,3
2025-02-01 00:00:00+00:00,74,9,2,3.0,12.0,10.0,8.333333333333334,9
2025-03-01 00:00:00+00:00,74,8,3,9.0,3.0,12.0,8.0,8
2025-04-01 00:00:00+00:00,74,7,4,8.0,9.0,3.0,6.666666666666667,7
2025-05-01 00:00:00+00:00,74,6,5,7.0,8.0,9.0,8.0,6
2025-06-01 00:00:00+00:00,74,3,6,6.0,7.0,8.0,7.0,3
2025-07-01 00:00:00+00:00,74,5,7,3.0,6.0,7.0,5.333333333333333,5
2025-08-01 00:00:00+00:00,74,11,8,5.0,3.0,6.0,4.666666666666667,11
2025-11-01 00:00:00+00:00,74,2,11,11.0,5.0,3.0,6.333333333333333,2
2021-02-01 00:00:00+00:00,75,8,2,3.0,2.0,7.0,4.0,8
2021-03-01 00:00:00+00:00,75,7,3,8.0,3.0,2.0,4.333333333333333,7
2021-04-01 00:00:00+00:00,75,7,4,7.0,8.0,3.0,6.0,7
2021-05-01 00:00:00+00:00,75,3,5,7.0,7.0,8.0,7.333333333333333,3
2021-07-01 00:00:00+00:00,75,8,7,3.0,7.0,7.0,5.666666666666667,8
2021-08-01 00:00:00+00:00,75,3,8,8.0,3.0,7.0,6.0,3
2021-09-01 00:00:00+00:00,75,7,9,3.0,8.0,3.0,4.666666666666667,7
2021-10-01 00:00:00+00:00,75,3,10,7.0,3.0,8.0,6.0,3
2021-11-01 00:00:00+00:00,75,12,11,3.0,7.0,3.0,4.333333333333333,12
2021-12-01 00:00:00+00:00,75,6,12,12.0,3.0,7.0,7.333333333333333,6
2022-01-01 00:00:00+00:00,75,5,1,6.0,12.0,3.0,7.0,5
2022-02-01 00:00:00+00:00,75,5,2,5.0,6.0,12.0,7.666666666666667,5
2022-03-01 00:00:00+00:00,75,14,3,5.0,5.0,6.0,5.333333333333333,14
2022-04-01 00:00:00+00:00,75,8,4,14.0,5.0,5.0,8.0,8
2022-05-01 00:00:00+00:00,75,9,5,8.0,14.0,5.0,9.0,9
2022-06-01 00:00:00+00:00,75,2,6,9.0,8.0,14.0,10.333333333333334,2
2022-08-01 00:00:00+00:00,75,7,8,2.0,9.0,8.0,6.333333333333333,7
2022-09-01 00:00:00+00:00,75,5,9,7.0,2.0,9.0,6.0,5
2022-10-01 00:00:00+00:00,75,6,10,5.0,7.0,2.0,4.666666666666667,6
2022-11-01 00:00:00+00:00,75,8,11,6.0,5.0,7.0,6.0,8
2022-12-01 00:00:00+00:00,75,6,12,8.0,6.0,5.0,6.333333333333333,6
2023-01-01 00:00:00+00:00,75,2,1,6.0,8.0,6.0,6.666666666666667,2
2023-02-01 00:00:00+00:00,75,14,2,2.0,6.0,8.0,5.333333333333333,14
2023-03-01 00:00:00+00:00,75,7,3,14.0,2.0,6.0,7.333333333333333,7
2023-04-01 00:00:00+00:00,75,6,4,7.0,14.0,2.0,7.666666666666667,6
2023-06-01 00:00:00+00:00,75,5,6,6.0,7.0,14.0,9.0,5
2023-08-01 00:00:00+00:00,75,1,8,5.0,6.0,7.0,6.0,1
2023-10-01 00:00:00+00:00,75,14,10,1.0,5.0,6.0,4.0,14
2023-11-01 00:00:00+00:00,75,5,11,14.0,1.0,5.0,6.666666666666667,5
2023-12-01 00:00:00+00:00,75,12,12,5.0,14.0,1.0,6.666666666666667,12
2024-01-01 00:00:00+00:00,75,1,1,12.0,5.0,14.0,10.333333333333334,1
2024-02-01 00:00:00+00:00,75,6,2,1.0,12.0,5.0,6.0,6
2024-03-01 00:00:00+00:00,75,8,3,6.0,1.0,12.0,6.333333333333333,8
2024-04-01 00:00:00+00:00,75,9,4,8.0,6.0,1.0,5.0,9
2024-06-01 00:00:00+00:00,75,10,6,9.0,8.0,6.0,7.666666666666667,10
2024-07-01 00:00:00+00:00,75,4,7,10.0,9.0,8.0,9.0,4
2024-08-01 00:00:00+00:00,75,9,8,4.0,10.0,9.0,7.666666666666667,9
2024-09-01 00:00:00+00:00,75,5,9,9.0,4.0,10.0,7.666666666666667,5
2024-10-01 00:00:00+00:00,75,8,10,5.0,9.0,4.0,6.0,8
2024-11-01 00:00:00+00:00,75,5,11,8.0,5.0,9.0,7.333333333333333,5
2024-12-01 00:00:00+00:00,75,3,12,5.0,8.0,5.0,6.0,3
2025-01-01 00:00:00+00:00,75,5,1,3.0,5.0,8.0,5.333333333333333,5
2025-02-01 00:00:00+00:00,75,5,2,5.0,3.0,5.0,4.333333333333333,5
2025-03-01 00:00:00+00:00,75,8,3,5.0,5.0,3.0,4.333333333333333,8
2025-06-01 00:00:00+00:00,75,1,6,8.0,5.0,5.0,6.0,1
2025-07-01 00:00:00+00:00,75,4,7,1.0,8.0,5.0,4.666666666666667,4
2025-08-01 00:00:00+00:00,75,7,8,4.0,1.0,8.0,4.333333333333333,7
2025-09-01 00:00:00+00:00,75,1,9,7.0,4.0,1.0,4.0,1
2025-10-01 00:00:00+00:00,75,8,10,1.0,7.0,4.0,4.0,8
2021-02-01 00:00:00+00:00,76,5,2,9.0,3.0,4.0,5.333333333333333,5
2021-03-01 00:00:00+00:00,76,5,3,5.0,9.0,3.0,5.666666666666667,5
2021-04-01 00:00:00+00:00,76,6,4,5.0,5.0,9.0,6.333333333333333,6
2021-05-01 00:00:00+00:00,76,6,5,6.0,5.0,5.0,5.333333333333333,6
2021-06-01 00:00:00+00:00,76,2,6,6.0,6.0,5.0,5.666666666666667,2
2021-07-01 00:00:00+00:00,76,3,7,2.0,6.0,6.0,4.666666666666667,3
2021-08-01 00:00:00+00:00,76,8,8,3.0,2.0,6.0,3.6666666666666665,8
2021-09-01 00:00:00+00:00,76,3,9,8.0,3.0,2.0,4.333333333333333,3
2021-10-01 00:00:00+00:00,76,4,10,3.0,8.0,3.0,4.666666666666667,4
2021-11-01 00:00:00+00:00,76,2,11,4.0,3.0,8.0,5.0,2
2021-12-01 00:00:00+00:00,76,7,12,2.0,4.0,3.0,3.0,7
2022-01-01 00:00:00+00:00,76,6,1,7.0,2.0,4.0,4.333333333333333,6
2022-02-01 00:00:00+00:00,76,4,2,6.0,7.0,2.0,5.0,4
2022-03-01 00:00:00+00:00,76,4,3,4.0,6.0,7.0,5.666666666666667,4
2022-04-01 00:00:00+00:00,76,6,4,4.0,4.0,6.0,4.666666666666667,6
2022-05-01 00:00:00+00:00,76,6,5,6.0,4.0,4.0,4.666666666666667,6
2022-06-01 00:00:00+00:00,76,5,6,6.0,6.0,4.0,5.333333333333333,5
2022-09-01 00:00:00+00:00,76,6,9,5.0,6.0,6.0,5.666666666666667,6
2022-10-01 00:00:00+00:00,76,7,10,6.0,5.0,6.0,5.666666666666667,7
2022-11-01 00:00:00+00:00,76,11,11,7.0,6.0,5.0,6.0,11
2022-12-01 00:00:00+00:00,76,8,12,11.0,7.0,6.0,8.0,8
2023-03-01 00:00:00+00:00,76,3,3,8.0,11.0,7.0,8.666666666666666,3
2023-04-01 00:00:00+00:00,76,8,4,3.0,8.0,11.0,7.333333333333333,8
2023-06-01 00:00:00+00:00,76,8,6,8.0,3.0,8.0,6.333333333333333,8
2023-07-01 00:00:00+00:00,76,14,7,8.0,8.0,3.0,6.333333333333333,14
2023-08-01 00:00:00+00:00,76,7,8,14.0,8.0,8.0,10.0,7
2023-09-01 00:00:00+00:00,76,4,9,7.0,14.0,8.0,9.666666666666666,4
2023-10-01 00:00:00+00:00,76,2,10,4.0,7.0,14.0,8.333333333333334,2
2023-11-01 00:00:00+00:00,76,10,11,2.0,4.0,7.0,4.333333333333333,10
2023-12-01 00:00:00+00:00,76,8,12,10.0,2.0,4.0,5.333333333333333,8
2024-01-01 00:00:00+00:00,76,3,1,8.0,10.0,2.0,6.666666666666667,3
2024-03-01 00:00:00+00:00,76,2,3,3.0,8.0,10.0,7.0,2
2024-04-01 00:00:00+00:00,76,4,4,2.0,3.0,8.0,4.333333333333333,4
2024-05-01 00:00:00+00:00,76,3,5,4.0,2.0,3.0,3.0,3
2024-06-01 00:00:00+00:00,76,4,6,3.0,4.0,2.0,3.0,4
2024-09-01 00:00:00+00:00,76,6,9,4.0,3.0,4.0,3.6666666666666665,6
2024-10-01 00:00:00+00:00,76,7,10,6.0,4.0,3.0,4.333333333333333,7
2024-11-01 00:00:00+00:00,76,3,11,7.0,6.0,4.0,5.666666666666667,3
2024-12-01 00:00:00+00:00,76,5,12,3.0,7.0,6.0,5.333333333333333,5
2025-02-01 00:00:00+00:00,76,3,2,5.0,3.0,7.0,5.0,3
2025-03-01 00:00:00+00:00,76,3,3,3.0,5.0,3.0,3.6666666666666665,3
2025-05-01 00:00:00+00:00,76,2,5,3.0,3.0,5.0,3.6666666666666665,2
2025-06-01 00:00:00+00:00,76,2,6,2.0,3.0,3.0,2.6666666666666665,2
2025-07-01 00:00:00+00:00,76,1,7,2.0,2.0,3.0,2.3333333333333335,1
2025-08-01 00:00:00+00:00,76,6,8,1.0,2.0,2.0,1.6666666666666667,6
2025-09-01 00:00:00+00:00,76,3,9,6.0,1.0,2.0,3.0,3
2025-10-01 00:00:00+00:00,76,4,10,3.0,6.0,1.0,3.3333333333333335,4
2025-11-01 00:00:00+00:00,76,3,11,4.0,3.0,6.0,4.333333333333333,3
2021-02-01 00:00:00+00:00,77,8,2,3.0,5.0,1.0,3.0,8
2021-03-01 00:00:00+00:00,77,5,3,8.0,3.0,5.0,5.333333333333333,5
2021-04-01 00:00:00+00:00,77,4,4,5.0,8.0,3.0,5.333333333333333,4
2021-05-01 00:00:00+00:00,77,4,5,4.0,5.0,8.0,5.666666666666667,4
2021-06-01 00:00:00+00:00,77,4,6,4.0,4.0,5.0,4.333333333333333,4
2021-07-01 00:00:00+00:00,77,7,7,4.0,4.0,4.0,4.0,7
2021-08-01 00:00:00+00:00,77,9,8,7.0,4.0,4.0,5.0,9
2021-09-01 00:00:00+00:00,77,3,9,9.0,7.0,4.0,6.666666666666667,3
2021-10-01 00:00:00+00:00,77,5,10,3.0,9.0,7.0,6.333333333333333,5
2021-11-01 00:00:00+00:00,77,5,11,5.0,3.0,9.0,5.666666666666667,5
2021-12-01 00:00:00+00:00,77,3,12,5.0,5.0,3.0,4.333333333333333,3
2022-02-01 00:00:00+00:00,77,10,2,3.0,5.0,5.0,4.333333333333333,10
2022-03-01 00:00:00+00:00,77,5,3,10.0,3.0,5.0,6.0,5
2022-04-01 00:00:00+00:00,77,1,4,5.0,10.0,3.0,6.0,1
2022-05-01 00:00:00+00:00,77,7,5,1.0,5.0,10.0,5.333333333333333,7
2022-06-01 00:00:00+00:00,77,4,6,7.0,1.0,5.0,4.333333333333333,4
2022-08-01 00:00:00+00:00,77,3,8,4.0,7.0,1.0,4.0,3
2022-09-01 00:00:00+00:00,77,5,9,3.0,4.0,7.0,4.666666666666667,5
2022-10-01 00:00:00+00:00,77,1,10,5.0,3.0,4.0,4.0,1
2022-11-01 00:00:00+00:00,77,1,11,1.0,5.0,3.0,3.0,1
2022-12-01 00:00:00+00:00,77,7,12,1.0,1.0,5.0,2.3333333333333335,7
2023-01-01 00:00:00+00:00,77,2,1,7.0,1.0,1.0,3.0,2
2023-03-01 00:00:00+00:00,77,1,3,2.0,7.0,1.0,3.3333333333333335,1
2023-05-01 00:00:00+00:00,77,4,5,1.0,2.0,7.0,3.3333333333333335,4
2023-06-01 00:00:00+00:00,77,6,6,4.0,1.0,2.0,2.3333333333333335,6
2023-07-01 00:00:00+00:00,77,10,7,6.0,4.0,1.0,3.6666666666666665,10
2023-08-01 00:00:00+00:00,77,5,8,10.0,6.0,4.0,6.666666666666667,5
2023-09-01 00:00:00+00:00,77,4,9,5.0,10.0,6.0,7.0,4
2023-10-01 00:00:00+00:00,77,8,10,4.0,5.0,10.0,6.333333333333333,8
2023-11-01 00:00:00+00:00,77,8,11,8.0,4.0,5.0,5.666666666666667,8
2023-12-01 00:00:00+00:00,77,1,12,8.0,8.0,4.0,6.666666666666667,1
2024-01-01 00:00:00+00:00,77,5,1,1.0,8.0,8.0,5.666666666666667,5
2024-02-01 00:00:00+00:00,77,2,2,5.0,1.0,8.0,4.666666666666667,2
2024-03-01 00:00:00+00:00,77,10,3,2.0,5.0,1.0,2.6666666666666665,10
2024-04-01 00:00:00+00:00,77,4,4,10.0,2.0,5.0,5.666666666666667,4
2024-05-01 00:00:00+00:00,77,4,5,4.0,10.0,2.0,5.333333333333333,4
2024-06-01 00:00:00+00:00,77,9,6,4.0,4.0,10.0,6.0,9
2024-07-01 00:00:00+00:00,77,9,7,9.0,4.0,4.0,5.666666666666667,9
2024-08-01 00:00:00+00:00,77,7,8,9.0,9.0,4.0,7.333333333333333,7
2024-09-01 00:00:00+00:00,77,11,9,7.0,9.0,9.0,8.333333333333334,11
2024-10-01 00:00:00+00:00,77,15,10,11.0,7.0,9.0,9.0,15
2024-11-01 00:00:00+00:00,77,3,11,15.0,11.0,7.0,11.0,3
2024-12-01 00:00:00+00:00,77,6,12,3.0,15.0,11.0,9.666666666666666,6
2025-01-01 00:00:00+00:00,77,1,1,6.0,3.0,15.0,8.0,1
2025-02-01 00:00:00+00:00,77,2,2,1.0,6.0,3.0,3.3333333333333335,2
2025-03-01 00:00:00+00:00,77,6,3,2.0,1.0,6.0,3.0,6
2025-06-01 00:00:00+00:00,77,2,6,6.0,2.0,1.0,3.0,2
2025-07-01 00:00:00+00:00,77,3,7,2.0,6.0,2.0,3.3333333333333335,3
2025-08-01 00:00:00+00:00,77,7,8,3.0,2.0,6.0,3.6666666666666665,7
2025-09-01 00:00:00+00:00,77,9,9,7.0,3.0,2.0,4.0,9
2025-10-01 00:00:00+00:00,77,4,10,9.0,7.0,3.0,6.333333333333333,4
2025-11-01 00:00:00+00:00,77,1,11,4.0,9.0,7.0,6.666666666666667,1
2021-02-01 00:00:00+00:00,78,8,2,6.0,7.0,3.0,5.333333333333333,8
2021-03-01 00:00:00+00:00,78,6,3,8.0,6.0,7.0,7.0,6
2021-04-01 00:00:00+00:00,78,13,4,6.0,8.0,6.0,6.666666666666667,13
2021-05-01 00:00:00+00:00,78,9,5,13.0,6.0,8.0,9.0,9
2021-06-01 00:00:00+00:00,78,3,6,9.0,13.0,6.0,9.333333333333334,3
2021-07-01 00:00:00+00:00,78,8,7,3.0,9.0,13.0,8.333333333333334,8
2021-09-01 00:00:00+00:00,78,6,9,8.0,3.0,9.0,6.666666666666667,6
2021-10-01 00:00:00+00:00,78,4,10,6.0,8.0,3.0,5.666666666666667,4
2021-11-01 00:00:00+00:00,78,3,11,4.0,6.0,8.0,6.0,3
2021-12-01 00:00:00+00:00,78,5,12,3.0,4.0,6.0,4.333333333333333,5
2022-01-01 00:00:00+00:00,78,6,1,5.0,3.0,4.0,4.0,6
2022-02-01 00:00:00+00:00,78,1,2,6.0,5.0,3.0,4.666666666666667,1
2022-03-01 00:00:00+00:00,78,4,3,1.0,6.0,5.0,4.0,4
2022-04-01 00:00:00+00:00,78,3,4,4.0,1.0,6.0,3.6666666666666665,3
2022-05-01 00:00:00+00:00,78,1,5,3.0,4.0,1.0,2.6666666666666665,1
2022-06-01 00:00:00+00:00,78,6,6,1.0,3.0,4.0,2.6666666666666665,6
2022-08-01 00:00:00+00:00,78,4,8,6.0,1.0,3.0,3.3333333333333335,4
2022-09-01 00:00:00+00:00,78,6,9,4.0,6.0,1.0,3.6666666666666665,6
2022-10-01 00:00:00+00:00,78,4,10,6.0,4.0,6.0,5.333333333333333,4
2022-12-01 00:00:00+00:00,78,3,12,4.0,6.0,4.0,4.666666666666667,3
2023-01-01 00:00:00+00:00,78,6,1,3.0,4.0,6.0,4.333333333333333,6
2023-02-01 00:00:00+00:00,78,4,2,6.0,3.0,4.0,4.333333333333333,4
2023-03-01 00:00:00+00:00,78,2,3,4.0,6.0,3.0,4.333333333333333,2
2023-04-01 00:00:00+00:00,78,5,4,2.0,4.0,6.0,4.0,5
2023-05-01 00:00:00+00:00,78,3,5,5.0,2.0,4.0,3.6666666666666665,3
2023-06-01 00:00:00+00:00,78,1,6,3.0,5.0,2.0,3.3333333333333335,1
2023-07-01 00:00:00+00:00,78,4,7,1.0,3.0,5.0,3.0,4
2023-08-01 00:00:00+00:00,78,3,8,4.0,1.0,3.0,2.6666666666666665,3
2023-09-01 00:00:00+00:00,78,4,9,3.0,4.0,1.0,2.6666666666666665,4
2023-10-01 00:00:00+00:00,78,9,10,4.0,3.0,4.0,3.6666666666666665,9
2023-11-01 00:00:00+00:00,78,2,11,9.0,4.0,3.0,5.333333333333333,2
2023-12-01 00:00:00+00:00,78,12,12,2.0,9.0,4.0,5.0,12
2024-01-01 00:00:00+00:00,78,6,1,12.0,2.0,9.0,7.666666666666667,6
2024-03-01 00:00:00+00:00,78,7,3,6.0,12.0,2.0,6.666666666666667,7
2024-04-01 00:00:00+00:00,78,9,4,7.0,6.0,12.0,8.333333333333334,9
2024-05-01 00:00:00+00:00,78,5,5,9.0,7.0,6.0,7.333333333333333,5
2024-06-01 00:00:00+00:00,78,6,6,5.0,9.0,7.0,7.0,6
2024-07-01 00:00:00+00:00,78,5,7,6.0,5.0,9.0,6.666666666666667,5
2024-08-01 00:00:00+00:00,78,6,8,5.0,6.0,5.0,5.333333333333333,6
2024-09-01 00:00:00+00:00,78,2,9,6.0,5.0,6.0,5.666666666666667,2
2024-10-01 00:00:00+00:00,78,3,10,2.0,6.0,5.0,4.333333333333333,3
2024-11-01 00:00:00+00:00,78,6,11,3.0,2.0,6.0,3.6666666666666665,6
2024-12-01 00:00:00+00:00,78,3,12,6.0,3.0,2.0,3.6666666666666665,3
2025-01-01 00:00:00+00:00,78,3,1,3.0,6.0,3.0,4.0,3
2025-03-01 00:00:00+00:00,78,7,3,3.0,3.0,6.0,4.0,7
2025-04-01 00:00:00+00:00,78,5,4,7.0,3.0,3.0,4.333333333333333,5
2025-05-01 00:00:00+00:00,78,5,5,5.0,7.0,3.0,5.0,5
2025-06-01 00:00:00+00:00,78,6,6,5.0,5.0,7.0,5.666666666666667,6
2025-07-01 00:00:00+00:00,78,2,7,6.0,5.0,5.0,5.333333333333333,2
2025-08-01 00:00:00+00:00,78,8,8,2.0,6.0,5.0,4.333333333333333,8
2025-09-01 00:00:00+00:00,78,8,9,8.0,2.0,6.0,5.333333333333333,8
2025-10-01 00:00:00+00:00,78,6,10,8.0,8.0,2.0,6.0,6
2025-11-01 00:00:00+00:00,78,3,11,6.0,8.0,8.0,7.333333333333333,3
2021-02-01 00:00:00+00:00,79,3,2,1.0,6.0,1.0,2.6666666666666665,3
2021-04-01 00:00:00+00:00,79,2,4,3.0,1.0,6.0,3.3333333333333335,2
2021-05-01 00:00:00+00:00,79,7,5,2.0,3.0,1.0,2.0,7
2021-06-01 00:00:00+00:00,79,12,6,7.0,2.0,3.0,4.0,12
2021-07-01 00:00:00+00:00,79,7,7,12.0,7.0,2.0,7.0,7
2021-08-01 00:00:00+00:00,79,11,8,7.0,12.0,7.0,8.666666666666666,11
2021-09-01 00:00:00+00:00,79,3,9,11.0,7.0,12.0,10.0,3
2021-10-01 00:00:00+00:00,79,4,10,3.0,11.0,7.0,7.0,4
2021-11-01 00:00:00+00:00,79,12,11,4.0,3.0,11.0,6.0,12
2021-12-01 00:00:00+00:00,79,3,12,12.0,4.0,3.0,6.333333333333333,3
2022-01-01 00:00:00+00:00,79,6,1,3.0,12.0,4.0,6.333333333333333,6
2022-02-01 00:00:00+00:00,79,1,2,6.0,3.0,12.0,7.0,1
2022-03-01 00:00:00+00:00,79,6,3,1.0,6.0,3.0,3.3333333333333335,6
2022-05-01 00:00:00+00:00,79,6,5,6.0,1.0,6.0,4.333333333333333,6
2022-06-01 00:00:00+00:00,79,6,6,6.0,6.0,1.0,4.333333333333333,6
2022-07-01 00:00:00+00:00,79,8,7,6.0,6.0,6.0,6.0,8
2022-08-01 00:00:00+00:00,79,4,8,8.0,6.0,6.0,6.666666666666667,4
2022-09-01 00:00:00+00:00,79,4,9,4.0,8.0,6.0,6.0,4
2022-10-01 00:00:00+00:00,79,3,10,4.0,4.0,8.0,5.333333333333333,3
2022-11-01 00:00:00+00:00,79,3,11,3.0,4.0,4.0,3.6666666666666665,3
2022-12-01 00:00:00+00:00,79,1,12,3.0,3.0,4.0,3.3333333333333335,1
2023-01-01 00:00:00+00:00,79,2,1,1.0,3.0,3.0,2.3333333333333335,2
2023-02-01 00:00:00+00:00,79,9,2,2.0,1.0,3.0,2.0,9
2023-03-01 00:00:00+00:00,79,5,3,9.0,2.0,1.0,4.0,5
2023-05-01 00:00:00+00:00,79,5,5,5.0,9.0,2.0,5.333333333333333,5
2023-06-01 00:00:00+00:00,79,7,6,5.0,5.0,9.0,6.333333333333333,7
2023-07-01 00:00:00+00:00,79,9,7,7.0,5.0,5.0,5.666666666666667,9
2023-08-01 00:00:00+00:00,79,3,8,9.0,7.0,5.0,7.0,3
2023-09-01 00:00:00+00:00,79,12,9,3.0,9.0,7.0,6.333333333333333,12
2023-10-01 00:00:00+00:00,79,3,10,12.0,3.0,9.0,8.0,3
2023-11-01 00:00:00+00:00,79,14,11,3.0,12.0,3.0,6.0,14
2023-12-01 00:00:00+00:00,79,6,12,14.0,3.0,12.0,9.666666666666666,6
2024-01-01 00:00:00+00:00,79,6,1,6.0,14.0,3.0,7.666666666666667,6
2024-02-01 00:00:00+00:00,79,10,2,6.0,6.0,14.0,8.666666666666666,10
2024-03-01 00:00:00+00:00,79,7,3,10.0,6.0,6.0,7.333333333333333,7
2024-04-01 00:00:00+00:00,79,5,4,7.0,10.0,6.0,7.666666666666667,5
2024-05-01 00:00:00+00:00,79,14,5,5.0,7.0,10.0,7.333333333333333,14
2024-06-01 00:00:00+00:00,79,3,6,14.0,5.0,7.0,8.666666666666666,3
2024-07-01 00:00:00+00:00,79,3,7,3.0,14.0,5.0,7.333333333333333,3
2024-08-01 00:00:00+00:00,79,3,8,3.0,3.0,14.0,6.666666666666667,3
2024-09-01 00:00:00+00:00,79,4,9,3.0,3.0,3.0,3.0,4
2024-10-01 00:00:00+00:00,79,11,10,4.0,3.0,3.0,3.3333333333333335,11
2024-11-01 00:00:00+00:00,79,5,11,11.0,4.0,3.0,6.0,5
2024-12-01 00:00:00+00:00,79,3,12,5.0,11.0,4.0,6.666666666666667,3
2025-03-01 00:00:00+00:00,79,1,3,3.0,5.0,11.0,6.333333333333333,1
2025-04-01 00:00:00+00:00,79,4,4,1.0,3.0,5.0,3.0,4
2025-05-01 00:00:00+00:00,79,3,5,4.0,1.0,3.0,2.6666666666666665,3
2025-06-01 00:00:00+00:00,79,3,6,3.0,4.0,1.0,2.6666666666666665,3
2025-07-01 00:00:00+00:00,79,3,7,3.0,3.0,4.0,3.3333333333333335,3
2025-08-01 00:00:00+00:00,79,7,8,3.0,3.0,3.0,3.0,7
2025-09-01 00:00:00+00:00,79,6,9,7.0,3.0,3.0,4.333333333333333,6
2025-10-01 00:00:00+00:00,79,7,10,6.0,7.0,3.0,5.333333333333333,7
2025-11-01 00:00:00+00:00,79,2,11,7.0,6.0,7.0,6.666666666666667,2
2021-03-01 00:00:00+00:00,80,7,3,8.0,3.0,1.0,4.0,7
2021-05-01 00:00:00+00:00,80,4,5,7.0,8.0,3.0,6.0,4
2021-06-01 00:00:00+00:00,80,4,6,4.0,7.0,8.0,6.333333333333333,4
2021-07-01 00:00:00+00:00,80,2,7,4.0,4.0,7.0,5.0,2
2021-08-01 00:00:00+00:00,80,4,8,2.0,4.0,4.0,3.3333333333333335,4
2021-10-01 00:00:00+00:00,80,4,10,4.0,2.0,4.0,3.3333333333333335,4
2021-11-01 00:00:00+00:00,80,7,11,4.0,4.0,2.0,3.3333333333333335,7
2021-12-01 00:00:00+00:00,80,6,12,7.0,4.0,4.0,5.0,6
2022-01-01 00:00:00+00:00,80,3,1,6.0,7.0,4.0,5.666666666666667,3
2022-02-01 00:00:00+00:00,80,12,2,3.0,6.0,7.0,5.333333333333333,12
2022-03-01 00:00:00+00:00,80,2,3,12.0,3.0,6.0,7.0,2
2022-04-01 00:00:00+00:00,80,1,4,2.0,12.0,3.0,5.666666666666667,1
2022-05-01 00:00:00+00:00,80,7,5,1.0,2.0,12.0,5.0,7
2022-07-01 00:00:00+00:00,80,9,7,7.0,1.0,2.0,3.3333333333333335,9
2022-09-01 00:00:00+00:00,80,8,9,9.0,7.0,1.0,5.666666666666667,8
2022-10-01 00:00:00+00:00,80,5,10,8.0,9.0,7.0,8.0,5
2022-11-01 00:00:00+00:00,80,4,11,5.0,8.0,9.0,7.333333333333333,4
2022-12-01 00:00:00+00:00,80,2,12,4.0,5.0,8.0,5.666666666666667,2
2023-01-01 00:00:00+00:00,80,5,1,2.0,4.0,5.0,3.6666666666666665,5
2023-02-01 00:00:00+00:00,80,7,2,5.0,2.0,4.0,3.6666666666666665,7
2023-03-01 00:00:00+00:00,80,1,3,7.0,5.0,2.0,4.666666666666667,1
2023-04-01 00:00:00+00:00,80,1,4,1.0,7.0,5.0,4.333333333333333,1
2023-05-01 00:00:00+00:00,80,10,5,1.0,1.0,7.0,3.0,10
2023-06-01 00:00:00+00:00,80,4,6,10.0,1.0,1.0,4.0,4
2023-08-01 00:00:00+00:00,80,5,8,4.0,10.0,1.0,5.0,5
2023-09-01 00:00:00+00:00,80,4,9,5.0,4.0,10.0,6.333333333333333,4
2023-10-01 00:00:00+00:00,80,2,10,4.0,5.0,4.0,4.333333333333333,2
2023-11-01 00:00:00+00:00,80,1,11,2.0,4.0,5.0,3.6666666666666665,1
2024-02-01 00:00:00+00:00,80,8,2,1.0,2.0,4.0,2.3333333333333335,8
2024-03-01 00:00:00+00:00,80,3,3,8.0,1.0,2.0,3.6666666666666665,3
2024-04-01 00:00:00+00:00,80,6,4,3.0,8.0,1.0,4.0,6
2024-05-01 00:00:00+00:00,80,1,5,6.0,3.0,8.0,5.666666666666667,1
2024-06-01 00:00:00+00:00,80,4,6,1.0,6.0,3.0,3.3333333333333335,4
2024-07-01 00:00:00+00:00,80,1,7,4.0,1.0,6.0,3.6666666666666665,1
2024-08-01 00:00:00+00:00,80,14,8,1.0,4.0,1.0,2.0,14
2024-09-01 00:00:00+00:00,80,3,9,14.0,1.0,4.0,6.333333333333333,3
2024-10-01 00:00:00+00:00,80,6,10,3.0,14.0,1.0,6.0,6
2024-11-01 00:00:00+00:00,80,3,11,6.0,3.0,14.0,7.666666666666667,3
2024-12-01 00:00:00+00:00,80,8,12,3.0,6.0,3.0,4.0,8
2025-01-01 00:00:00+00:00,80,6,1,8.0,3.0,6.0,5.666666666666667,6
2025-02-01 00:00:00+00:00,80,6,2,6.0,8.0,3.0,5.666666666666667,6
2025-04-01 00:00:00+00:00,80,2,4,6.0,6.0,8.0,6.666666666666667,2
2025-05-01 00:00:00+00:00,80,3,5,2.0,6.0,6.0,4.666666666666667,3
2025-06-01 00:00:00+00:00,80,1,6,3.0,2.0,6.0,3.6666666666666665,1
2025-07-01 00:00:00+00:00,80,4,7,1.0,3.0,2.0,2.0,4
2025-08-01 00:00:00+00:00,80,4,8,4.0,1.0,3.0,2.6666666666666665,4
2025-09-01 00:00:00+00:00,80,6,9,4.0,4.0,1.0,3.0,6
2025-10-01 00:00:00+00:00,80,3,10,6.0,4.0,4.0,4.666666666666667,3
2021-02-01 00:00:00+00:00,81,14,2,3.0,6.0,3.0,4.0,14
2021-03-01 00:00:00+00:00,81,5,3,14.0,3.0,6.0,7.666666666666667,5
2021-04-01 00:00:00+00:00,81,4,4,5.0,14.0,3.0,7.333333333333333,4
2021-05-01 00:00:00+00:00,81,2,5,4.0,5.0,14.0,7.666666666666667,2
2021-06-01 00:00:00+00:00,81,12,6,2.0,4.0,5.0,3.6666666666666665,12
2021-07-01 00:00:00+00:00,81,2,7,12.0,2.0,4.0,6.0,2
2021-08-01 00:00:00+00:00,81,5,8,2.0,12.0,2.0,5.333333333333333,5
2021-09-01 00:00:00+00:00,81,8,9,5.0,2.0,12.0,6.333333333333333,8
2021-10-01 00:00:00+00:00,81,4,10,8.0,5.0,2.0,5.0,4
2021-11-01 00:00:00+00:00,81,10,11,4.0,8.0,5.0,5.666666666666667,10
2021-12-01 00:00:00+00:00,81,9,12,10.0,4.0,8.0,7.333333333333333,9
2022-01-01 00:00:00+00:00,81,3,1,9.0,10.0,4.0,7.666666666666667,3
2022-02-01 00:00:00+00:00,81,6,2,3.0,9.0,10.0,7.333333333333333,6
2022-03-01 00:00:00+00:00,81,1,3,6.0,3.0,9.0,6.0,1
2022-04-01 00:00:00+00:00,81,7,4,1.0,6.0,3.0,3.3333333333333335,7
2022-05-01 00:00:00+00:00,81,8,5,7.0,1.0,6.0,4.666666666666667,8
2022-06-01 00:00:00+00:00,81,9,6,8.0,7.0,1.0,5.333333333333333,9
2022-07-01 00:00:00+00:00,81,7,7,9.0,8.0,7.0,8.0,7
2022-08-01 00:00:00+00:00,81,3,8,7.0,9.0,8.0,8.0,3
2022-10-01 00:00:00+00:00,81,7,10,3.0,7.0,9.0,6.333333333333333,7
2022-11-01 00:00:00+00:00,81,9,11,7.0,3.0,7.0,5.666666666666667,9
2023-01-01 00:00:00+00:00,81,3,1,9.0,7.0,3.0,6.333333333333333,3
2023-02-01 00:00:00+00:00,81,2,2,3.0,9.0,7.0,6.333333333333333,2
2023-03-01 00:00:00+00:00,81,5,3,2.0,3.0,9.0,4.666666666666667,5
2023-04-01 00:00:00+00:00,81,6,4,5.0,2.0,3.0,3.3333333333333335,6
2023-05-01 00:00:00+00:00,81,4,5,6.0,5.0,2.0,4.333333333333333,4
2023-06-01 00:00:00+00:00,81,8,6,4.0,6.0,5.0,5.0,8
2023-07-01 00:00:00+00:00,81,1,7,8.0,4.0,6.0,6.0,1
2023-08-01 00:00:00+00:00,81,12,8,1.0,8.0,4.0,4.333333333333333,12
2023-09-01 00:00:00+00:00,81,3,9,12.0,1.0,8.0,7.0,3
2023-10-01 00:00:00+00:00,81,6,10,3.0,12.0,1.0,5.333333333333333,6
2023-11-01 00:00:00+00:00,81,4,11,6.0,3.0,12.0,7.0,4
2023-12-01 00:00:00+00:00,81,10,12,4.0,6.0,3.0,4.333333333333333,10
2024-01-01 00:00:00+00:00,81,5,1,10.0,4.0,6.0,6.666666666666667,5
2024-02-01 00:00:00+00:00,81,9,2,5.0,10.0,4.0,6.333333333333333,9
2024-03-01 00:00:00+00:00,81,6,3,9.0,5.0,10.0,8.0,6
2024-04-01 00:00:00+00:00,81,4,4,6.0,9.0,5.0,6.666666666666667,4
2024-05-01 00:00:00+00:00,81,6,5,4.0,6.0,9.0,6.333333333333333,6
2024-06-01 00:00:00+00:00,81,2,6,6.0,4.0,6.0,5.333333333333333,2
2024-07-01 00:00:00+00:00,81,3,7,2.0,6.0,4.0,4.0,3
2024-08-01 00:00:00+00:00,81,2,8,3.0,2.0,6.0,3.6666666666666665,2
2024-09-01 00:00:00+00:00,81,3,9,2.0,3.0,2.0,2.3333333333333335,3
2024-10-01 00:00:00+00:00,81,2,10,3.0,2.0,3.0,2.6666666666666665,2
2024-11-01 00:00:00+00:00,81,6,11,2.0,3.0,2.0,2.3333333333333335,6
2024-12-01 00:00:00+00:00,81,3,12,6.0,2.0,3.0,3.6666666666666665,3
2025-01-01 00:00:00+00:00,81,5,1,3.0,6.0,2.0,3.6666666666666665,5
2025-02-01 00:00:00+00:00,81,5,2,5.0,3.0,6.0,4.666666666666667,5
2025-03-01 00:00:00+00:00,81,3,3,5.0,5.0,3.0,4.333333333333333,3
2025-04-01 00:00:00+00:00,81,11,4,3.0,5.0,5.0,4.333333333333333,11
2025-05-01 00:00:00+00:00,81,6,5,11.0,3.0,5.0,6.333333333333333,6
2025-06-01 00:00:00+00:00,81,4,6,6.0,11.0,3.0,6.666666666666667,4
2025-07-01 00:00:00+00:00,81,4,7,4.0,6.0,11.0,7.0,4
2025-08-01 00:00:00+00:00,81,3,8,4.0,4.0,6.0,4.666666666666667,3
2025-09-01 00:00:00+00:00,81,8,9,3.0,4.0,4.0,3.6666666666666665,8
2025-10-01 00:00:00+00:00,81,4,10,8.0,3.0,4.0,5.0,4
2025-11-01 00:00:00+00:00,81,7,11,4.0,8.0,3.0,5.0,7
2021-02-01 00:00:00+00:00,82,3,2,7.0,5.0,4.0,5.333333333333333,3
2021-03-01 00:00:00+00:00,82,6,3,3.0,7.0,5.0,5.0,6
2021-04-01 00:00:00+00:00,82,4,4,6.0,3.0,7.0,5.333333333333333,4
2021-05-01 00:00:00+00:00,82,3,5,4.0,6.0,3.0,4.333333333333333,3
2021-06-01 00:00:00+00:00,82,8,6,3.0,4.0,6.0,4.333333333333333,8
2021-07-01 00:00:00+00:00,82,2,7,8.0,3.0,4.0,5.0,2
2021-08-01 00:00:00+00:00,82,10,8,2.0,8.0,3.0,4.333333333333333,10
2021-09-01 00:00:00+00:00,82,6,9,10.0,2.0,8.0,6.666666666666667,6
2021-11-01 00:00:00+00:00,82,2,11,6.0,10.0,2.0,6.0,2
2021-12-01 00:00:00+00:00,82,4,12,2.0,6.0,10.0,6.0,4
2022-03-01 00:00:00+00:00,82,5,3,4.0,2.0,6.0,4.0,5
2022-04-01 00:00:00+00:00,82,3,4,5.0,4.0,2.0,3.6666666666666665,3
2022-05-01 00:00:00+00:00,82,4,5,3.0,5.0,4.0,4.0,4
2022-06-01 00:00:00+00:00,82,3,6,4.0,3.0,5.0,4.0,3
2022-07-01 00:00:00+00:00,82,7,7,3.0,4.0,3.0,3.3333333333333335,7
2022-08-01 00:00:00+00:00,82,3,8,7.0,3.0,4.0,4.666666666666667,3
2022-09-01 00:00:00+00:00,82,5,9,3.0,7.0,3.0,4.333333333333333,5
2022-10-01 00:00:00+00:00,82,4,10,5.0,3.0,7.0,5.0,4
2022-11-01 00:00:00+00:00,82,2,11,4.0,5.0,3.0,4.0,2
2022-12-01 00:00:00+00:00,82,10,12,2.0,4.0,5.0,3.6666666666666665,10
2023-01-01 00:00:00+00:00,82,1,1,10.0,2.0,4.0,5.333333333333333,1
2023-02-01 00:00:00+00:00,82,3,2,1.0,10.0,2.0,4.333333333333333,3
2023-03-01 00:00:00+00:00,82,10,3,3.0,1.0,10.0,4.666666666666667,10
2023-04-01 00:00:00+00:00,82,2,4,10.0,3.0,1.0,4.666666666666667,2
2023-05-01 00:00:00+00:00,82,4,5,2.0,10.0,3.0,5.0,4
2023-06-01 00:00:00+00:00,82,7,6,4.0,2.0,10.0,5.333333333333333,7
2023-07-01 00:00:00+00:00,82,7,7,7.0,4.0,2.0,4.333333333333333,7
2023-08-01 00:00:00+00:00,82,4,8,7.0,7.0,4.0,6.0,4
2023-09-01 00:00:00+00:00,82,4,9,4.0,7.0,7.0,6.0,4
2023-10-01 00:00:00+00:00,82,3,10,4.0,4.0,7.0,5.0,3
2023-11-01 00:00:00+00:00,82,6,11,3.0,4.0,4.0,3.6666666666666665,6
2023-12-01 00:00:00+00:00,82,8,12,6.0,3.0,4.0,4.333333333333333,8
2024-01-01 00:00:00+00:00,82,1,1,8.0,6.0,3.0,5.666666666666667,1
2024-02-01 00:00:00+00:00,82,1,2,1.0,8.0,6.0,5.0,1
2024-04-01 00:00:00+00:00,82,3,4,1.0,1.0,8.0,3.3333333333333335,3
2024-05-01 00:00:00+00:00,82,1,5,3.0,1.0,1.0,1.6666666666666667,1
2024-06-01 00:00:00+00:00,82,2,6,1.0,3.0,1.0,1.6666666666666667,2
2024-07-01 00:00:00+00:00,82,4,7,2.0,1.0,3.0,2.0,4
2024-08-01 00:00:00+00:00,82,1,8,4.0,2.0,1.0,2.3333333333333335,1
2024-09-01 00:00:00+00:00,82,12,9,1.0,4.0,2.0,2.3333333333333335,12
2024-10-01 00:00:00+00:00,82,3,10,12.0,1.0,4.0,5.666666666666667,3
2024-11-01 00:00:00+00:00,82,5,11,3.0,12.0,1.0,5.333333333333333,5
2025-01-01 00:00:00+00:00,82,4,1,5.0,3.0,12.0,6.666666666666667,4
2025-02-01 00:00:00+00:00,82,4,2,4.0,5.0,3.0,4.0,4
2025-03-01 00:00:00+00:00,82,1,3,4.0,4.0,5.0,4.333333333333333,1
2025-06-01 00:00:00+00:00,82,2,6,1.0,4.0,4.0,3.0,2
2025-07-01 00:00:00+00:00,82,8,7,2.0,1.0,4.0,2.3333333333333335,8
2025-08-01 00:00:00+00:00,82,7,8,8.0,2.0,1.0,3.6666666666666665,7
2025-09-01 00:00:00+00:00,82,5,9,7.0,8.0,2.0,5.666666666666667,5
2025-10-01 00:00:00+00:00,82,7,10,5.0,7.0,8.0,6.666666666666667,7
2025-11-01 00:00:00+00:00,82,3,11,7.0,5.0,7.0,6.333333333333333,3
2021-04-01 00:00:00+00:00,83,3,4,4.0,6.0,2.0,4.0,3
2021-05-01 00:00:00+00:00,83,8,5,3.0,4.0,6.0,4.333333333333333,8
2021-06-01 00:00:00+00:00,83,2,6,8.0,3.0,4.0,5.0,2
2021-07-01 00:00:00+00:00,83,8,7,2.0,8.0,3.0,4.333333333333333,8
2021-08-01 00:00:00+00:00,83,3,8,8.0,2.0,8.0,6.0,3
2021-09-01 00:00:00+00:00,83,5,9,3.0,8.0,2.0,4.333333333333333,5
2021-10-01 00:00:00+00:00,83,3,10,5.0,3.0,8.0,5.333333333333333,3
2021-11-01 00:00:00+00:00,83,9,11,3.0,5.0,3.0,3.6666666666666665,9
2022-01-01 00:00:00+00:00,83,2,1,9.0,3.0,5.0,5.666666666666667,2
2022-03-01 00:00:00+00:00,83,1,3,2.0,9.0,3.0,4.666666666666667,1
2022-04-01 00:00:00+00:00,83,3,4,1.0,2.0,9.0,4.0,3
2022-05-01 00:00:00+00:00,83,12,5,3.0,1.0,2.0,2.0,12
2022-06-01 00:00:00+00:00,83,10,6,12.0,3.0,1.0,5.333333333333333,10
2022-07-01 00:00:00+00:00,83,6,7,10.0,12.0,3.0,8.333333333333334,6
2022-08-01 00:00:00+00:00,83,7,8,6.0,10.0,12.0,9.333333333333334,7
2022-09-01 00:00:00+00:00,83,6,9,7.0,6.0,10.0,7.666666666666667,6
2022-10-01 00:00:00+00:00,83,5,10,6.0,7.0,6.0,6.333333333333333,5
2022-11-01 00:00:00+00:00,83,4,11,5.0,6.0,7.0,6.0,4
2022-12-01 00:00:00+00:00,83,6,12,4.0,5.0,6.0,5.0,6
2023-01-01 00:00:00+00:00,83,3,1,6.0,4.0,5.0,5.0,3
2023-03-01 00:00:00+00:00,83,3,3,3.0,6.0,4.0,4.333333333333333,3
2023-04-01 00:00:00+00:00,83,5,4,3.0,3.0,6.0,4.0,5
2023-05-01 00:00:00+00:00,83,2,5,5.0,3.0,3.0,3.6666666666666665,2
2023-06-01 00:00:00+00:00,83,10,6,2.0,5.0,3.0,3.3333333333333335,10
2023-08-01 00:00:00+00:00,83,7,8,10.0,2.0,5.0,5.666666666666667,7
2023-09-01 00:00:00+00:00,83,10,9,7.0,10.0,2.0,6.333333333333333,10
2023-10-01 00:00:00+00:00,83,4,10,10.0,7.0,10.0,9.0,4
2023-11-01 00:00:00+00:00,83,6,11,4.0,10.0,7.0,7.0,6
2023-12-01 00:00:00+00:00,83,6,12,6.0,4.0,10.0,6.666666666666667,6
2024-01-01 00:00:00+00:00,83,4,1,6.0,6.0,4.0,5.333333333333333,4
2024-03-01 00:00:00+00:00,83,4,3,4.0,6.0,6.0,5.333333333333333,4
2024-04-01 00:00:00+00:00,83,5,4,4.0,4.0,6.0,4.666666666666667,5
2024-05-01 00:00:00+00:00,83,4,5,5.0,4.0,4.0,4.333333333333333,4
2024-06-01 00:00:00+00:00,83,8,6,4.0,5.0,4.0,4.333333333333333,8
2024-07-01 00:00:00+00:00,83,4,7,8.0,4.0,5.0,5.666666666666667,4
2024-08-01 00:00:00+00:00,83,4,8,4.0,8.0,4.0,5.333333333333333,4
2024-09-01 00:00:00+00:00,83,11,9,4.0,4.0,8.0,5.333333333333333,11
2024-10-01 00:00:00+00:00,83,3,10,11.0,4.0,4.0,6.333333333333333,3
2024-11-01 00:00:00+00:00,83,5,11,3.0,11.0,4.0,6.0,5
2024-12-01 00:00:00+00:00,83,4,12,5.0,3.0,11.0,6.333333333333333,4
2025-01-01 00:00:00+00:00,83,5,1,4.0,5.0,3.0,4.0,5
2025-02-01 00:00:00+00:00,83,6,2,5.0,4.0,5.0,4.666666666666667,6
2025-03-01 00:00:00+00:00,83,2,3,6.0,5.0,4.0,5.0,2
2025-05-01 00:00:00+00:00,83,6,5,2.0,6.0,5.0,4.333333333333333,6
2025-07-01 00:00:00+00:00,83,7,7,6.0,2.0,6.0,4.666666666666667,7
2025-08-01 00:00:00+00:00,83,11,8,7.0,6.0,2.0,5.0,11
2025-09-01 00:00:00+00:00,83,7,9,11.0,7.0,6.0,8.0,7
2025-10-01 00:00:00+00:00,83,1,10,7.0,11.0,7.0,8.333333333333334,1
2021-03-01 00:00:00+00:00,84,8,3,11.0,5.0,5.0,7.0,8
2021-04-01 00:00:00+00:00,84,12,4,8.0,11.0,5.0,8.0,12
2021-05-01 00:00:00+00:00,84,2,5,12.0,8.0,11.0,10.333333333333334,2
2021-06-01 00:00:00+00:00,84,9,6,2.0,12.0,8.0,7.333333333333333,9
2021-07-01 00:00:00+00:00,84,5,7,9.0,2.0,12.0,7.666666666666667,5
2021-08-01 00:00:00+00:00,84,16,8,5.0,9.0,2.0,5.333333333333333,16
2021-09-01 00:00:00+00:00,84,2,9,16.0,5.0,9.0,10.0,2
2021-11-01 00:00:00+00:00,84,12,11,2.0,16.0,5.0,7.666666666666667,12
2022-01-01 00:00:00+00:00,84,6,1,12.0,2.0,16.0,10.0,6
2022-02-01 00:00:00+00:00,84,4,2,6.0,12.0,2.0,6.666666666666667,4
2022-03-01 00:00:00+00:00,84,6,3,4.0,6.0,12.0,7.333333333333333,6
2022-04-01 00:00:00+00:00,84,7,4,6.0,4.0,6.0,5.333333333333333,7
2022-05-01 00:00:00+00:00,84,11,5,7.0,6.0,4.0,5.666666666666667,11
2022-06-01 00:00:00+00:00,84,7,6,11.0,7.0,6.0,8.0,7
2022-08-01 00:00:00+00:00,84,7,8,7.0,11.0,7.0,8.333333333333334,7
2022-09-01 00:00:00+00:00,84,6,9,7.0,7.0,11.0,8.333333333333334,6
2022-10-01 00:00:00+00:00,84,4,10,6.0,7.0,7.0,6.666666666666667,4
2022-11-01 00:00:00+00:00,84,3,11,4.0,6.0,7.0,5.666666666666667,3
2022-12-01 00:00:00+00:00,84,3,12,3.0,4.0,6.0,4.333333333333333,3
2023-01-01 00:00:00+00:00,84,7,1,3.0,3.0,4.0,3.3333333333333335,7
2023-02-01 00:00:00+00:00,84,3,2,7.0,3.0,3.0,4.333333333333333,3
2023-03-01 00:00:00+00:00,84,2,3,3.0,7.0,3.0,4.333333333333333,2
2023-04-01 00:00:00+00:00,84,3,4,2.0,3.0,7.0,4.0,3
2023-05-01 00:00:00+00:00,84,6,5,3.0,2.0,3.0,2.6666666666666665,6
2023-06-01 00:00:00+00:00,84,5,6,6.0,3.0,2.0,3.6666666666666665,5
2023-07-01 00:00:00+00:00,84,5,7,5.0,6.0,3.0,4.666666666666667,5
2023-08-01 00:00:00+00:00,84,10,8,5.0,5.0,6.0,5.333333333333333,10
2023-09-01 00:00:00+00:00,84,2,9,10.0,5.0,5.0,6.666666666666667,2
2023-10-01 00:00:00+00:00,84,11,10,2.0,10.0,5.0,5.666666666666667,11
2023-11-01 00:00:00+00:00,84,3,11,11.0,2.0,10.0,7.666666666666667,3
2023-12-01 00:00:00+00:00,84,12,12,3.0,11.0,2.0,5.333333333333333,12
2024-01-01 00:00:00+00:00,84,9,1,12.0,3.0,11.0,8.666666666666666,9
2024-02-01 00:00:00+00:00,84,7,2,9.0,12.0,3.0,8.0,7
2024-03-01 00:00:00+00:00,84,4,3,7.0,9.0,12.0,9.333333333333334,4
2024-04-01 00:00:00+00:00,84,2,4,4.0,7.0,9.0,6.666666666666667,2
2024-05-01 00:00:00+00:00,84,9,5,2.0,4.0,7.0,4.333333333333333,9
2024-06-01 00:00:00+00:00,84,6,6,9.0,2.0,4.0,5.0,6
2024-07-01 00:00:00+00:00,84,3,7,6.0,9.0,2.0,5.666666666666667,3
2024-08-01 00:00:00+00:00,84,5,8,3.0,6.0,9.0,6.0,5
2024-09-01 00:00:00+00:00,84,1,9,5.0,3.0,6.0,4.666666666666667,1
2024-11-01 00:00:00+00:00,84,10,11,1.0,5.0,3.0,3.0,10
2024-12-01 00:00:00+00:00,84,1,12,10.0,1.0,5.0,5.333333333333333,1
2025-01-01 00:00:00+00:00,84,3,1,1.0,10.0,1.0,4.0,3
2025-02-01 00:00:00+00:00,84,3,2,3.0,1.0,10.0,4.666666666666667,3
2025-03-01 00:00:00+00:00,84,10,3,3.0,3.0,1.0,2.3333333333333335,10
2025-04-01 00:00:00+00:00,84,2,4,10.0,3.0,3.0,5.333333333333333,2
2025-05-01 00:00:00+00:00,84,2,5,2.0,10.0,3.0,5.0,2
2025-06-01 00:00:00+00:00,84,3,6,2.0,2.0,10.0,4.666666666666667,3
2025-07-01 00:00:00+00:00,84,6,7,3.0,2.0,2.0,2.3333333333333335,6
2025-08-01 00:00:00+00:00,84,2,8,6.0,3.0,2.0,3.6666666666666665,2
2025-09-01 00:00:00+00:00,84,5,9,2.0,6.0,3.0,3.6666666666666665,5
2025-10-01 00:00:00+00:00,84,3,10,5.0,2.0,6.0,4.333333333333333,3
2025-11-01 00:00:00+00:00,84,3,11,3.0,5.0,2.0,3.3333333333333335,3
2021-02-01 00:00:00+00:00,85,13,2,4.0,4.0,1.0,3.0,13
2021-03-01 00:00:00+00:00,85,9,3,13.0,4.0,4.0,7.0,9
2021-04-01 00:00:00+00:00,85,4,4,9.0,13.0,4.0,8.666666666666666,4
2021-05-01 00:00:00+00:00,85,1,5,4.0,9.0,13.0,8.666666666666666,1
2021-06-01 00:00:00+00:00,85,6,6,1.0,4.0,9.0,4.666666666666667,6
2021-07-01 00:00:00+00:00,85,4,7,6.0,1.0,4.0,3.6666666666666665,4
2021-08-01 00:00:00+00:00,85,5,8,4.0,6.0,1.0,3.6666666666666665,5
2021-09-01 00:00:00+00:00,85,6,9,5.0,4.0,6.0,5.0,6
2021-11-01 00:00:00+00:00,85,8,11,6.0,5.0,4.0,5.0,8
2021-12-01 00:00:00+00:00,85,8,12,8.0,6.0,5.0,6.333333333333333,8
2022-01-01 00:00:00+00:00,85,4,1,8.0,8.0,6.0,7.333333333333333,4
2022-02-01 00:00:00+00:00,85,3,2,4.0,8.0,8.0,6.666666666666667,3
2022-05-01 00:00:00+00:00,85,8,5,3.0,4.0,8.0,5.0,8
2022-06-01 00:00:00+00:00,85,6,6,8.0,3.0,4.0,5.0,6
2022-07-01 00:00:00+00:00,85,8,7,6.0,8.0,3.0,5.666666666666667,8
2022-08-01 00:00:00+00:00,85,11,8,8.0,6.0,8.0,7.333333333333333,11
2022-09-01 00:00:00+00:00,85,10,9,11.0,8.0,6.0,8.333333333333334,10
2022-10-01 00:00:00+00:00,85,4,10,10.0,11.0,8.0,9.666666666666666,4
2022-11-01 00:00:00+00:00,85,7,11,4.0,10.0,11.0,8.333333333333334,7
2022-12-01 00:00:00+00:00,85,14,12,7.0,4.0,10.0,7.0,14
2023-01-01 00:00:00+00:00,85,7,1,14.0,7.0,4.0,8.333333333333334,7
2023-02-01 00:00:00+00:00,85,1,2,7.0,14.0,7.0,9.333333333333334,1
2023-04-01 00:00:00+00:00,85,5,4,1.0,7.0,14.0,7.333333333333333,5
2023-05-01 00:00:00+00:00,85,7,5,5.0,1.0,7.0,4.333333333333333,7
2023-06-01 00:00:00+00:00,85,5,6,7.0,5.0,1.0,4.333333333333333,5
2023-07-01 00:00:00+00:00,85,2,7,5.0,7.0,5.0,5.666666666666667,2
2023-08-01 00:00:00+00:00,85,3,8,2.0,5.0,7.0,4.666666666666667,3
2023-09-01 00:00:00+00:00,85,2,9,3.0,2.0,5.0,3.3333333333333335,2
2023-10-01 00:00:00+00:00,85,6,10,2.0,3.0,2.0,2.3333333333333335,6
2023-11-01 00:00:00+00:00,85,10,11,6.0,2.0,3.0,3.6666666666666665,10
2023-12-01 00:00:00+00:00,85,7,12,10.0,6.0,2.0,6.0,7
2024-01-01 00:00:00+00:00,85,2,1,7.0,10.0,6.0,7.666666666666667,2
2024-02-01 00:00:00+00:00,85,7,2,2.0,7.0,10.0,6.333333333333333,7
2024-03-01 00:00:00+00:00,85,11,3,7.0,2.0,7.0,5.333333333333333,11
2024-04-01 00:00:00+00:00,85,8,4,11.0,7.0,2.0,6.666666666666667,8
2024-06-01 00:00:00+00:00,85,5,6,8.0,11.0,7.0,8.666666666666666,5
2024-07-01 00:00:00+00:00,85,8,7,5.0,8.0,11.0,8.0,8
2024-08-01 00:00:00+00:00,85,6,8,8.0,5.0,8.0,7.0,6
2024-10-01 00:00:00+00:00,85,5,10,6.0,8.0,5.0,6.333333333333333,5
2024-11-01 00:00:00+00:00,85,8,11,5.0,6.0,8.0,6.333333333333333,8
2024-12-01 00:00:00+00:00,85,3,12,8.0,5.0,6.0,6.333333333333333,3
2025-01-01 00:00:00+00:00,85,7,1,3.0,8.0,5.0,5.333333333333333,7
2025-02-01 00:00:00+00:00,85,2,2,7.0,3.0,8.0,6.0,2
2025-03-01 00:00:00+00:00,85,12,3,2.0,7.0,3.0,4.0,12
2025-05-01 00:00:00+00:00,85,3,5,12.0,2.0,7.0,7.0,3
2025-06-01 00:00:00+00:00,85,6,6,3.0,12.0,2.0,5.666666666666667,6
2025-07-01 00:00:00+00:00,85,5,7,6.0,3.0,12.0,7.0,5
2025-08-01 00:00:00+00:00,85,2,8,5.0,6.0,3.0,4.666666666666667,2
2025-09-01 00:00:00+00:00,85,7,9,2.0,5.0,6.0,4.333333333333333,7
2025-10-01 00:00:00+00:00,85,2,10,7.0,2.0,5.0,4.666666666666667,2
2021-02-01 00:00:00+00:00,86,2,2,16.0,2.0,3.0,7.0,2
2021-03-01 00:00:00+00:00,86,10,3,2.0,16.0,2.0,6.666666666666667,10
2021-04-01 00:00:00+00:00,86,2,4,10.0,2.0,16.0,9.333333333333334,2
2021-05-01 00:00:00+00:00,86,1,5,2.0,10.0,2.0,4.666666666666667,1
2021-06-01 00:00:00+00:00,86,3,6,1.0,2.0,10.0,4.333333333333333,3
2021-07-01 00:00:00+00:00,86,3,7,3.0,1.0,2.0,2.0,3
2021-08-01 00:00:00+00:00,86,11,8,3.0,3.0,1.0,2.3333333333333335,11
2021-09-01 00:00:00+00:00,86,1,9,11.0,3.0,3.0,5.666666666666667,1
2021-10-01 00:00:00+00:00,86,1,10,1.0,11.0,3.0,5.0,1
2021-11-01 00:00:00+00:00,86,4,11,1.0,1.0,11.0,4.333333333333333,4
2021-12-01 00:00:00+00:00,86,4,12,4.0,1.0,1.0,2.0,4
2022-01-01 00:00:00+00:00,86,13,1,4.0,4.0,1.0,3.0,13
2022-02-01 00:00:00+00:00,86,7,2,13.0,4.0,4.0,7.0,7
2022-03-01 00:00:00+00:00,86,1,3,7.0,13.0,4.0,8.0,1
2022-04-01 00:00:00+00:00,86,2,4,1.0,7.0,13.0,7.0,2
2022-05-01 00:00:00+00:00,86,11,5,2.0,1.0,7.0,3.3333333333333335,11
2022-06-01 00:00:00+00:00,86,5,6,11.0,2.0,1.0,4.666666666666667,5
2022-07-01 00:00:00+00:00,86,7,7,5.0,11.0,2.0,6.0,7
2022-08-01 00:00:00+00:00,86,9,8,7.0,5.0,11.0,7.666666666666667,9
2022-10-01 00:00:00+00:00,86,3,10,9.0,7.0,5.0,7.0,3
2022-11-01 00:00:00+00:00,86,9,11,3.0,9.0,7.0,6.333333333333333,9
2022-12-01 00:00:00+00:00,86,7,12,9.0,3.0,9.0,7.0,7
2023-01-01 00:00:00+00:00,86,3,1,7.0,9.0,3.0,6.333333333333333,3
2023-02-01 00:00:00+00:00,86,12,2,3.0,7.0,9.0,6.333333333333333,12
2023-03-01 00:00:00+00:00,86,5,3,12.0,3.0,7.0,7.333333333333333,5
2023-04-01 00:00:00+00:00,86,2,4,5.0,12.0,3.0,6.666666666666667,2
2023-05-01 00:00:00+00:00,86,4,5,2.0,5.0,12.0,6.333333333333333,4
2023-06-01 00:00:00+00:00,86,4,6,4.0,2.0,5.0,3.6666666666666665,4
2023-07-01 00:00:00+00:00,86,8,7,4.0,4.0,2.0,3.3333333333333335,8
2023-08-01 00:00:00+00:00,86,6,8,8.0,4.0,4.0,5.333333333333333,6
2023-09-01 00:00:00+00:00,86,3,9,6.0,8.0,4.0,6.0,3
2023-10-01 00:00:00+00:00,86,8,10,3.0,6.0,8.0,5.666666666666667,8
2023-11-01 00:00:00+00:00,86,5,11,8.0,3.0,6.0,5.666666666666667,5
2023-12-01 00:00:00+00:00,86,3,12,5.0,8.0,3.0,5.333333333333333,3
2024-01-01 00:00:00+00:00,86,4,1,3.0,5.0,8.0,5.333333333333333,4
2024-02-01 00:00:00+00:00,86,8,2,4.0,3.0,5.0,4.0,8
2024-03-01 00:00:00+00:00,86,3,3,8.0,4.0,3.0,5.0,3
2024-04-01 00:00:00+00:00,86,5,4,3.0,8.0,4.0,5.0,5
2024-05-01 00:00:00+00:00,86,4,5,5.0,3.0,8.0,5.333333333333333,4
2024-06-01 00:00:00+00:00,86,1,6,4.0,5.0,3.0,4.0,1
2024-07-01 00:00:00+00:00,86,1,7,1.0,4.0,5.0,3.3333333333333335,1
2024-08-01 00:00:00+00:00,86,6,8,1.0,1.0,4.0,2.0,6
2024-10-01 00:00:00+00:00,86,8,10,6.0,1.0,1.0,2.6666666666666665,8
2024-11-01 00:00:00+00:00,86,4,11,8.0,6.0,1.0,5.0,4
2024-12-01 00:00:00+00:00,86,2,12,4.0,8.0,6.0,6.0,2
2025-01-01 00:00:00+00:00,86,1,1,2.0,4.0,8.0,4.666666666666667,1
2025-02-01 00:00:00+00:00,86,6,2,1.0,2.0,4.0,2.3333333333333335,6
2025-03-01 00:00:00+00:00,86,3,3,6.0,1.0,2.0,3.0,3
2025-04-01 00:00:00+00:00,86,6,4,3.0,6.0,1.0,3.3333333333333335,6
2025-05-01 00:00:00+00:00,86,2,5,6.0,3.0,6.0,5.0,2
2025-06-01 00:00:00+00:00,86,6,6,2.0,6.0,3.0,3.6666666666666665,6
2025-07-01 00:00:00+00:00,86,5,7,6.0,2.0,6.0,4.666666666666667,5
2025-08-01 00:00:00+00:00,86,3,8,5.0,6.0,2.0,4.333333333333333,3
2025-09-01 00:00:00+00:00,86,3,9,3.0,5.0,6.0,4.666666666666667,3
2025-10-01 00:00:00+00:00,86,2,10,3.0,3.0,5.0,3.6666666666666665,2
2021-02-01 00:00:00+00:00,87,21,2,10.0,3.0,6.0,6.333333333333333,21
2021-03-01 00:00:00+00:00,87,5,3,21.0,10.0,3.0,11.333333333333334,5
2021-04-01 00:00:00+00:00,87,9,4,5.0,21.0,10.0,12.0,9
2021-05-01 00:00:00+00:00,87,9,5,9.0,5.0,21.0,11.666666666666666,9
2021-06-01 00:00:00+00:00,87,3,6,9.0,9.0,5.0,7.666666666666667,3
2021-07-01 00:00:00+00:00,87,10,7,3.0,9.0,9.0,7.0,10
2021-09-01 00:00:00+00:00,87,8,9,10.0,3.0,9.0,7.333333333333333,8
2021-10-01 00:00:00+00:00,87,3,10,8.0,10.0,3.0,7.0,3
2021-11-01 00:00:00+00:00,87,12,11,3.0,8.0,10.0,7.0,12
2022-01-01 00:00:00+00:00,87,2,1,12.0,3.0,8.0,7.666666666666667,2
2022-02-01 00:00:00+00:00,87,5,2,2.0,12.0,3.0,5.666666666666667,5
2022-03-01 00:00:00+00:00,87,7,3,5.0,2.0,12.0,6.333333333333333,7
2022-04-01 00:00:00+00:00,87,5,4,7.0,5.0,2.0,4.666666666666667,5
2022-05-01 00:00:00+00:00,87,3,5,5.0,7.0,5.0,5.666666666666667,3
2022-06-01 00:00:00+00:00,87,1,6,3.0,5.0,7.0,5.0,1
2022-07-01 00:00:00+00:00,87,2,7,1.0,3.0,5.0,3.0,2
2022-08-01 00:00:00+00:00,87,2,8,2.0,1.0,3.0,2.0,2
2022-09-01 00:00:00+00:00,87,2,9,2.0,2.0,1.0,1.6666666666666667,2
2022-10-01 00:00:00+00:00,87,6,10,2.0,2.0,2.0,2.0,6
2022-11-01 00:00:00+00:00,87,7,11,6.0,2.0,2.0,3.3333333333333335,7
2023-01-01 00:00:00+00:00,87,3,1,7.0,6.0,2.0,5.0,3
2023-02-01 00:00:00+00:00,87,6,2,3.0,7.0,6.0,5.333333333333333,6
2023-03-01 00:00:00+00:00,87,8,3,6.0,3.0,7.0,5.333333333333333,8
2023-04-01 00:00:00+00:00,87,3,4,8.0,6.0,3.0,5.666666666666667,3
2023-05-01 00:00:00+00:00,87,9,5,3.0,8.0,6.0,5.666666666666667,9
2023-08-01 00:00:00+00:00,87,11,8,9.0,3.0,8.0,6.666666666666667,11
2023-09-01 00:00:00+00:00,87,5,9,11.0,9.0,3.0,7.666666666666667,5
2023-10-01 00:00:00+00:00,87,5,10,5.0,11.0,9.0,8.333333333333334,5
2023-11-01 00:00:00+00:00,87,5,11,5.0,5.0,11.0,7.0,5
2023-12-01 00:00:00+00:00,87,2,12,5.0,5.0,5.0,5.0,2
2024-01-01 00:00:00+00:00,87,3,1,2.0,5.0,5.0,4.0,3
2024-02-01 00:00:00+00:00,87,14,2,3.0,2.0,5.0,3.3333333333333335,14
2024-03-01 00:00:00+00:00,87,7,3,14.0,3.0,2.0,6.333333333333333,7
2024-04-01 00:00:00+00:00,87,4,4,7.0,14.0,3.0,8.0,4
2024-05-01 00:00:00+00:00,87,6,5,4.0,7.0,14.0,8.333333333333334,6
2024-06-01 00:00:00+00:00,87,5,6,6.0,4.0,7.0,5.666666666666667,5
2024-07-01 00:00:00+00:00,87,3,7,5.0,6.0,4.0,5.0,3
2024-08-01 00:00:00+00:00,87,13,8,3.0,5.0,6.0,4.666666666666667,13
2024-09-01 00:00:00+00:00,87,6,9,13.0,3.0,5.0,7.0,6
2024-10-01 00:00:00+00:00,87,5,10,6.0,13.0,3.0,7.333333333333333,5
2024-11-01 00:00:00+00:00,87,4,11,5.0,6.0,13.0,8.0,4
2025-01-01 00:00:00+00:00,87,5,1,4.0,5.0,6.0,5.0,5
2025-02-01 00:00:00+00:00,87,14,2,5.0,4.0,5.0,4.666666666666667,14
2025-03-01 00:00:00+00:00,87,3,3,14.0,5.0,4.0,7.666666666666667,3
2025-04-01 00:00:00+00:00,87,3,4,3.0,14.0,5.0,7.333333333333333,3
2025-06-01 00:00:00+00:00,87,4,6,3.0,3.0,14.0,6.666666666666667,4
2025-07-01 00:00:00+00:00,87,6,7,4.0,3.0,3.0,3.3333333333333335,6
2025-08-01 00:00:00+00:00,87,8,8,6.0,4.0,3.0,4.333333333333333,8
2025-09-01 00:00:00+00:00,87,8,9,8.0,6.0,4.0,6.0,8
2025-10-01 00:00:00+00:00,87,1,10,8.0,8.0,6.0,7.333333333333333,1
2025-11-01 00:00:00+00:00,87,1,11,1.0,8.0,8.0,5.666666666666667,1
2021-02-01 00:00:00+00:00,88,2,2,3.0,8.0,3.0,4.666666666666667,2
2021-03-01 00:00:00+00:00,88,7,3,2.0,3.0,8.0,4.333333333333333,7
2021-04-01 00:00:00+00:00,88,2,4,7.0,2.0,3.0,4.0,2
2021-05-01 00:00:00+00:00,88,4,5,2.0,7.0,2.0,3.6666666666666665,4
2021-06-01 00:00:00+00:00,88,7,6,4.0,2.0,7.0,4.333333333333333,7
2021-07-01 00:00:00+00:00,88,5,7,7.0,4.0,2.0,4.333333333333333,5
2021-08-01 00:00:00+00:00,88,3,8,5.0,7.0,4.0,5.333333333333333,3
2021-10-01 00:00:00+00:00,88,4,10,3.0,5.0,7.0,5.0,4
2021-11-01 00:00:00+00:00,88,5,11,4.0,3.0,5.0,4.0,5
2021-12-01 00:00:00+00:00,88,8,12,5.0,4.0,3.0,4.0,8
2022-01-01 00:00:00+00:00,88,5,1,8.0,5.0,4.0,5.666666666666667,5
2022-02-01 00:00:00+00:00,88,2,2,5.0,8.0,5.0,6.0,2
2022-03-01 00:00:00+00:00,88,5,3,2.0,5.0,8.0,5.0,5
2022-04-01 00:00:00+00:00,88,5,4,5.0,2.0,5.0,4.0,5
2022-05-01 00:00:00+00:00,88,3,5,5.0,5.0,2.0,4.0,3
2022-06-01 00:00:00+00:00,88,6,6,3.0,5.0,5.0,4.333333333333333,6
2022-07-01 00:00:00+00:00,88,2,7,6.0,3.0,5.0,4.666666666666667,2
2022-08-01 00:00:00+00:00,88,5,8,2.0,6.0,3.0,3.6666666666666665,5
2022-09-01 00:00:00+00:00,88,6,9,5.0,2.0,6.0,4.333333333333333,6
2022-11-01 00:00:00+00:00,88,6,11,6.0,5.0,2.0,4.333333333333333,6
2022-12-01 00:00:00+00:00,88,8,12,6.0,6.0,5.0,5.666666666666667,8
2023-01-01 00:00:00+00:00,88,11,1,8.0,6.0,6.0,6.666666666666667,11
2023-02-01 00:00:00+00:00,88,7,2,11.0,8.0,6.0,8.333333333333334,7
2023-03-01 00:00:00+00:00,88,6,3,7.0,11.0,8.0,8.666666666666666,6
2023-04-01 00:00:00+00:00,88,4,4,6.0,7.0,11.0,8.0,4
2023-05-01 00:00:00+00:00,88,2,5,4.0,6.0,7.0,5.666666666666667,2
2023-06-01 00:00:00+00:00,88,5,6,2.0,4.0,6.0,4.0,5
2023-07-01 00:00:00+00:00,88,3,7,5.0,2.0,4.0,3.6666666666666665,3
2023-08-01 00:00:00+00:00,88,6,8,3.0,5.0,2.0,3.3333333333333335,6
2023-09-01 00:00:00+00:00,88,6,9,6.0,3.0,5.0,4.666666666666667,6
2023-10-01 00:00:00+00:00,88,3,10,6.0,6.0,3.0,5.0,3
2023-11-01 00:00:00+00:00,88,9,11,3.0,6.0,6.0,5.0,9
2023-12-01 00:00:00+00:00,88,7,12,9.0,3.0,6.0,6.0,7
2024-01-01 00:00:00+00:00,88,4,1,7.0,9.0,3.0,6.333333333333333,4
2024-02-01 00:00:00+00:00,88,6,2,4.0,7.0,9.0,6.666666666666667,6
2024-03-01 00:00:00+00:00,88,6,3,6.0,4.0,7.0,5.666666666666667,6
2024-04-01 00:00:00+00:00,88,4,4,6.0,6.0,4.0,5.333333333333333,4
2024-05-01 00:00:00+00:00,88,5,5,4.0,6.0,6.0,5.333333333333333,5
2024-06-01 00:00:00+00:00,88,4,6,5.0,4.0,6.0,5.0,4
2024-07-01 00:00:00+00:00,88,6,7,4.0,5.0,4.0,4.333333333333333,6
2024-08-01 00:00:00+00:00,88,8,8,6.0,4.0,5.0,5.0,8
2024-09-01 00:00:00+00:00,88,8,9,8.0,6.0,4.0,6.0,8
2024-10-01 00:00:00+00:00,88,5,10,8.0,8.0,6.0,7.333333333333333,5
2025-01-01 00:00:00+00:00,88,10,1,5.0,8.0,8.0,7.0,10
2025-02-01 00:00:00+00:00,88,2,2,10.0,5.0,8.0,7.666666666666667,2
2025-03-01 00:00:00+00:00,88,6,3,2.0,10.0,5.0,5.666666666666667,6
2025-04-01 00:00:00+00:00,88,9,4,6.0,2.0,10.0,6.0,9
2025-05-01 00:00:00+00:00,88,7,5,9.0,6.0,2.0,5.666666666666667,7
2025-06-01 00:00:00+00:00,88,6,6,7.0,9.0,6.0,7.333333333333333,6
2025-07-01 00:00:00+00:00,88,3,7,6.0,7.0,9.0,7.333333333333333,3
2025-08-01 00:00:00+00:00,88,2,8,3.0,6.0,7.0,5.333333333333333,2
2025-09-01 00:00:00+00:00,88,7,9,2.0,3.0,6.0,3.6666666666666665,7
2025-10-01 00:00:00+00:00,88,10,10,7.0,2.0,3.0,4.0,10
2025-11-01 00:00:00+00:00,88,3,11,10.0,7.0,2.0,6.333333333333333,3
2021-02-01 00:00:00+00:00,89,6,2,2.0,1.0,5.0,2.6666666666666665,6
2021-03-01 00:00:00+00:00,89,1,3,6.0,2.0,1.0,3.0,1
2021-05-01 00:00:00+00:00,89,13,5,1.0,6.0,2.0,3.0,13
2021-06-01 00:00:00+00:00,89,3,6,13.0,1.0,6.0,6.666666666666667,3
2021-07-01 00:00:00+00:00,89,9,7,3.0,13.0,1.0,5.666666666666667,9
2021-08-01 00:00:00+00:00,89,7,8,9.0,3.0,13.0,8.333333333333334,7
2021-09-01 00:00:00+00:00,89,1,9,7.0,9.0,3.0,6.333333333333333,1
2021-10-01 00:00:00+00:00,89,7,10,1.0,7.0,9.0,5.666666666666667,7
2021-11-01 00:00:00+00:00,89,3,11,7.0,1.0,7.0,5.0,3
2021-12-01 00:00:00+00:00,89,10,12,3.0,7.0,1.0,3.6666666666666665,10
2022-01-01 00:00:00+00:00,89,1,1,10.0,3.0,7.0,6.666666666666667,1
2022-02-01 00:00:00+00:00,89,3,2,1.0,10.0,3.0,4.666666666666667,3
2022-03-01 00:00:00+00:00,89,7,3,3.0,1.0,10.0,4.666666666666667,7
2022-04-01 00:00:00+00:00,89,3,4,7.0,3.0,1.0,3.6666666666666665,3
2022-05-01 00:00:00+00:00,89,7,5,3.0,7.0,3.0,4.333333333333333,7
2022-06-01 00:00:00+00:00,89,3,6,7.0,3.0,7.0,5.666666666666667,3
2022-07-01 00:00:00+00:00,89,8,7,3.0,7.0,3.0,4.333333333333333,8
2022-08-01 00:00:00+00:00,89,3,8,8.0,3.0,7.0,6.0,3
2022-09-01 00:00:00+00:00,89,2,9,3.0,8.0,3.0,4.666666666666667,2
2022-10-01 00:00:00+00:00,89,5,10,2.0,3.0,8.0,4.333333333333333,5
2022-11-01 00:00:00+00:00,89,12,11,5.0,2.0,3.0,3.3333333333333335,12
2022-12-01 00:00:00+00:00,89,2,12,12.0,5.0,2.0,6.333333333333333,2
2023-01-01 00:00:00+00:00,89,5,1,2.0,12.0,5.0,6.333333333333333,5
2023-02-01 00:00:00+00:00,89,6,2,5.0,2.0,12.0,6.333333333333333,6
2023-03-01 00:00:00+00:00,89,1,3,6.0,5.0,2.0,4.333333333333333,1
2023-04-01 00:00:00+00:00,89,6,4,1.0,6.0,5.0,4.0,6
2023-05-01 00:00:00+00:00,89,3,5,6.0,1.0,6.0,4.333333333333333,3
2023-06-01 00:00:00+00:00,89,2,6,3.0,6.0,1.0,3.3333333333333335,2
2023-07-01 00:00:00+00:00,89,1,7,2.0,3.0,6.0,3.6666666666666665,1
2023-08-01 00:00:00+00:00,89,4,8,1.0,2.0,3.0,2.0,4
2023-09-01 00:00:00+00:00,89,2,9,4.0,1.0,2.0,2.3333333333333335,2
2023-10-01 00:00:00+00:00,89,1,10,2.0,4.0,1.0,2.3333333333333335,1
2023-11-01 00:00:00+00:00,89,3,11,1.0,2.0,4.0,2.3333333333333335,3
2023-12-01 00:00:00+00:00,89,3,12,3.0,1.0,2.0,2.0,3
2024-01-01 00:00:00+00:00,89,6,1,3.0,3.0,1.0,2.3333333333333335,6
2024-02-01 00:00:00+00:00,89,4,2,6.0,3.0,3.0,4.0,4
2024-04-01 00:00:00+00:00,89,8,4,4.0,6.0,3.0,4.333333333333333,8
2024-05-01 00:00:00+00:00,89,7,5,8.0,4.0,6.0,6.0,7
2024-06-01 00:00:00+00:00,89,1,6,7.0,8.0,4.0,6.333333333333333,1
2024-07-01 00:00:00+00:00,89,1,7,1.0,7.0,8.0,5.333333333333333,1
2024-08-01 00:00:00+00:00,89,1,8,1.0,1.0,7.0,3.0,1
2024-10-01 00:00:00+00:00,89,2,10,1.0,1.0,1.0,1.0,2
2024-12-01 00:00:00+00:00,89,3,12,2.0,1.0,1.0,1.3333333333333333,3
2025-01-01 00:00:00+00:00,89,3,1,3.0,2.0,1.0,2.0,3
2025-02-01 00:00:00+00:00,89,4,2,3.0,3.0,2.0,2.6666666666666665,4
2025-03-01 00:00:00+00:00,89,7,3,4.0,3.0,3.0,3.3333333333333335,7
2025-04-01 00:00:00+00:00,89,6,4,7.0,4.0,3.0,4.666666666666667,6
2025-05-01 00:00:00+00:00,89,2,5,6.0,7.0,4.0,5.666666666666667,2
2025-06-01 00:00:00+00:00,89,7,6,2.0,6.0,7.0,5.0,7
2025-07-01 00:00:00+00:00,89,7,7,7.0,2.0,6.0,5.0,7
2025-08-01 00:00:00+00:00,89,6,8,7.0,7.0,2.0,5.333333333333333,6
2025-09-01 00:00:00+00:00,89,3,9,6.0,7.0,7.0,6.666666666666667,3
2025-10-01 00:00:00+00:00,89,2,10,3.0,6.0,7.0,5.333333333333333,2
2021-02-01 00:00:00+00:00,90,1,2,3.0,8.0,3.0,4.666666666666667,1
2021-03-01 00:00:00+00:00,90,5,3,1.0,3.0,8.0,4.0,5
2021-04-01 00:00:00+00:00,90,3,4,5.0,1.0,3.0,3.0,3
2021-05-01 00:00:00+00:00,90,2,5,3.0,5.0,1.0,3.0,2
2021-06-01 00:00:00+00:00,90,13,6,2.0,3.0,5.0,3.3333333333333335,13
2021-07-01 00:00:00+00:00,90,5,7,13.0,2.0,3.0,6.0,5
2021-08-01 00:00:00+00:00,90,12,8,5.0,13.0,2.0,6.666666666666667,12
2021-09-01 00:00:00+00:00,90,3,9,12.0,5.0,13.0,10.0,3
2021-10-01 00:00:00+00:00,90,1,10,3.0,12.0,5.0,6.666666666666667,1
2021-11-01 00:00:00+00:00,90,12,11,1.0,3.0,12.0,5.333333333333333,12
2021-12-01 00:00:00+00:00,90,7,12,12.0,1.0,3.0,5.333333333333333,7
2022-01-01 00:00:00+00:00,90,4,1,7.0,12.0,1.0,6.666666666666667,4
2022-02-01 00:00:00+00:00,90,10,2,4.0,7.0,12.0,7.666666666666667,10
2022-03-01 00:00:00+00:00,90,3,3,10.0,4.0,7.0,7.0,3
2022-04-01 00:00:00+00:00,90,4,4,3.0,10.0,4.0,5.666666666666667,4
2022-05-01 00:00:00+00:00,90,5,5,4.0,3.0,10.0,5.666666666666667,5
2022-06-01 00:00:00+00:00,90,5,6,5.0,4.0,3.0,4.0,5
2022-07-01 00:00:00+00:00,90,2,7,5.0,5.0,4.0,4.666666666666667,2
2022-08-01 00:00:00+00:00,90,7,8,2.0,5.0,5.0,4.0,7
2022-09-01 00:00:00+00:00,90,8,9,7.0,2.0,5.0,4.666666666666667,8
2022-10-01 00:00:00+00:00,90,1,10,8.0,7.0,2.0,5.666666666666667,1
2022-11-01 00:00:00+00:00,90,4,11,1.0,8.0,7.0,5.333333333333333,4
2022-12-01 00:00:00+00:00,90,1,12,4.0,1.0,8.0,4.333333333333333,1
2023-01-01 00:00:00+00:00,90,9,1,1.0,4.0,1.0,2.0,9
2023-02-01 00:00:00+00:00,90,7,2,9.0,1.0,4.0,4.666666666666667,7
2023-03-01 00:00:00+00:00,90,9,3,7.0,9.0,1.0,5.666666666666667,9
2023-04-01 00:00:00+00:00,90,4,4,9.0,7.0,9.0,8.333333333333334,4
2023-05-01 00:00:00+00:00,90,6,5,4.0,9.0,7.0,6.666666666666667,6
2023-06-01 00:00:00+00:00,90,3,6,6.0,4.0,9.0,6.333333333333333,3
2023-07-01 00:00:00+00:00,90,9,7,3.0,6.0,4.0,4.333333333333333,9
2023-08-01 00:00:00+00:00,90,9,8,9.0,3.0,6.0,6.0,9
2023-10-01 00:00:00+00:00,90,7,10,9.0,9.0,3.0,7.0,7
2023-11-01 00:00:00+00:00,90,7,11,7.0,9.0,9.0,8.333333333333334,7
2023-12-01 00:00:00+00:00,90,2,12,7.0,7.0,9.0,7.666666666666667,2
2024-01-01 00:00:00+00:00,90,4,1,2.0,7.0,7.0,5.333333333333333,4
2024-02-01 00:00:00+00:00,90,3,2,4.0,2.0,7.0,4.333333333333333,3
2024-03-01 00:00:00+00:00,90,3,3,3.0,4.0,2.0,3.0,3
2024-04-01 00:00:00+00:00,90,11,4,3.0,3.0,4.0,3.3333333333333335,11
2024-05-01 00:00:00+00:00,90,5,5,11.0,3.0,3.0,5.666666666666667,5
2024-06-01 00:00:00+00:00,90,6,6,5.0,11.0,3.0,6.333333333333333,6
2024-07-01 00:00:00+00:00,90,10,7,6.0,5.0,11.0,7.333333333333333,10
2024-08-01 00:00:00+00:00,90,11,8,10.0,6.0,5.0,7.0,11
2024-09-01 00:00:00+00:00,90,5,9,11.0,10.0,6.0,9.0,5
2024-10-01 00:00:00+00:00,90,8,10,5.0,11.0,10.0,8.666666666666666,8
2024-11-01 00:00:00+00:00,90,7,11,8.0,5.0,11.0,8.0,7
2024-12-01 00:00:00+00:00,90,3,12,7.0,8.0,5.0,6.666666666666667,3
2025-01-01 00:00:00+00:00,90,7,1,3.0,7.0,8.0,6.0,7
2025-02-01 00:00:00+00:00,90,2,2,7.0,3.0,7.0,5.666666666666667,2
2025-03-01 00:00:00+00:00,90,7,3,2.0,7.0,3.0,4.0,7
2025-04-01 00:00:00+00:00,90,1,4,7.0,2.0,7.0,5.333333333333333,1
2025-05-01 00:00:00+00:00,90,2,5,1.0,7.0,2.0,3.3333333333333335,2
2025-06-01 00:00:00+00:00,90,2,6,2.0,1.0,7.0,3.3333333333333335,2
2025-07-01 00:00:00+00:00,90,5,7,2.0,2.0,1.0,1.6666666666666667,5
2025-08-01 00:00:00+00:00,90,4,8,5.0,2.0,2.0,3.0,4
2025-09-01 00:00:00+00:00,90,2,9,4.0,5.0,2.0,3.6666666666666665,2
2025-10-01 00:00:00+00:00,90,6,10,2.0,4.0,5.0,3.6666666666666665,6
2025-11-01 00:00:00+00:00,90,3,11,6.0,2.0,4.0,4.0,3
2021-02-01 00:00:00+00:00,91,2,2,5.0,3.0,13.0,7.0,2
2021-03-01 00:00:00+00:00,91,4,3,2.0,5.0,3.0,3.3333333333333335,4
2021-04-01 00:00:00+00:00,91,3,4,4.0,2.0,5.0,3.6666666666666665,3
2021-05-01 00:00:00+00:00,91,5,5,3.0,4.0,2.0,3.0,5
2021-06-01 00:00:00+00:00,91,12,6,5.0,3.0,4.0,4.0,12
2021-07-01 00:00:00+00:00,91,7,7,12.0,5.0,3.0,6.666666666666667,7
2021-08-01 00:00:00+00:00,91,4,8,7.0,12.0,5.0,8.0,4
2021-09-01 00:00:00+00:00,91,3,9,4.0,7.0,12.0,7.666666666666667,3
2021-10-01 00:00:00+00:00,91,6,10,3.0,4.0,7.0,4.666666666666667,6
2021-11-01 00:00:00+00:00,91,9,11,6.0,3.0,4.0,4.333333333333333,9
2021-12-01 00:00:00+00:00,91,7,12,9.0,6.0,3.0,6.0,7
2022-01-01 00:00:00+00:00,91,8,1,7.0,9.0,6.0,7.333333333333333,8
2022-02-01 00:00:00+00:00,91,5,2,8.0,7.0,9.0,8.0,5
2022-03-01 00:00:00+00:00,91,6,3,5.0,8.0,7.0,6.666666666666667,6
2022-04-01 00:00:00+00:00,91,10,4,6.0,5.0,8.0,6.333333333333333,10
2022-06-01 00:00:00+00:00,91,9,6,10.0,6.0,5.0,7.0,9
2022-07-01 00:00:00+00:00,91,5,7,9.0,10.0,6.0,8.333333333333334,5
2022-08-01 00:00:00+00:00,91,3,8,5.0,9.0,10.0,8.0,3
2022-09-01 00:00:00+00:00,91,5,9,3.0,5.0,9.0,5.666666666666667,5
2022-10-01 00:00:00+00:00,91,7,10,5.0,3.0,5.0,4.333333333333333,7
2022-11-01 00:00:00+00:00,91,2,11,7.0,5.0,3.0,5.0,2
2023-01-01 00:00:00+00:00,91,2,1,2.0,7.0,5.0,4.666666666666667,2
2023-02-01 00:00:00+00:00,91,7,2,2.0,2.0,7.0,3.6666666666666665,7
2023-05-01 00:00:00+00:00,91,3,5,7.0,2.0,2.0,3.6666666666666665,3
2023-06-01 00:00:00+00:00,91,10,6,3.0,7.0,2.0,4.0,10
2023-07-01 00:00:00+00:00,91,8,7,10.0,3.0,7.0,6.666666666666667,8
2023-08-01 00:00:00+00:00,91,1,8,8.0,10.0,3.0,7.0,1
2023-10-01 00:00:00+00:00,91,10,10,1.0,8.0,10.0,6.333333333333333,10
2023-11-01 00:00:00+00:00,91,4,11,10.0,1.0,8.0,6.333333333333333,4
2023-12-01 00:00:00+00:00,91,5,12,4.0,10.0,1.0,5.0,5
2024-01-01 00:00:00+00:00,91,14,1,5.0,4.0,10.0,6.333333333333333,14
2024-02-01 00:00:00+00:00,91,6,2,14.0,5.0,4.0,7.666666666666667,6
2024-03-01 00:00:00+00:00,91,6,3,6.0,14.0,5.0,8.333333333333334,6
2024-04-01 00:00:00+00:00,91,10,4,6.0,6.0,14.0,8.666666666666666,10
2024-05-01 00:00:00+00:00,91,11,5,10.0,6.0,6.0,7.333333333333333,11
2024-06-01 00:00:00+00:00,91,2,6,11.0,10.0,6.0,9.0,2
2024-07-01 00:00:00+00:00,91,3,7,2.0,11.0,10.0,7.666666666666667,3
2024-08-01 00:00:00+00:00,91,7,8,3.0,2.0,11.0,5.333333333333333,7
2024-09-01 00:00:00+00:00,91,7,9,7.0,3.0,2.0,4.0,7
2024-10-01 00:00:00+00:00,91,9,10,7.0,7.0,3.0,5.666666666666667,9
2024-11-01 00:00:00+00:00,91,4,11,9.0,7.0,7.0,7.666666666666667,4
2025-01-01 00:00:00+00:00,91,5,1,4.0,9.0,7.0,6.666666666666667,5
2025-03-01 00:00:00+00:00,91,3,3,5.0,4.0,9.0,6.0,3
2025-04-01 00:00:00+00:00,91,11,4,3.0,5.0,4.0,4.0,11
2025-05-01 00:00:00+00:00,91,4,5,11.0,3.0,5.0,6.333333333333333,4
2025-06-01 00:00:00+00:00,91,4,6,4.0,11.0,3.0,6.0,4
2025-07-01 00:00:00+00:00,91,4,7,4.0,4.0,11.0,6.333333333333333,4
2025-08-01 00:00:00+00:00,91,4,8,4.0,4.0,4.0,4.0,4
2025-09-01 00:00:00+00:00,91,6,9,4.0,4.0,4.0,4.0,6
2025-10-01 00:00:00+00:00,91,6,10,6.0,4.0,4.0,4.666666666666667,6
2025-11-01 00:00:00+00:00,91,2,11,6.0,6.0,4.0,5.333333333333333,2
2021-02-01 00:00:00+00:00,92,3,2,7.0,6.0,2.0,5.0,3
2021-03-01 00:00:00+00:00,92,2,3,3.0,7.0,6.0,5.333333333333333,2
2021-04-01 00:00:00+00:00,92,6,4,2.0,3.0,7.0,4.0,6
2021-05-01 00:00:00+00:00,92,7,5,6.0,2.0,3.0,3.6666666666666665,7
2021-06-01 00:00:00+00:00,92,5,6,7.0,6.0,2.0,5.0,5
2021-07-01 00:00:00+00:00,92,5,7,5.0,7.0,6.0,6.0,5
2021-09-01 00:00:00+00:00,92,6,9,5.0,5.0,7.0,5.666666666666667,6
2021-10-01 00:00:00+00:00,92,9,10,6.0,5.0,5.0,5.333333333333333,9
2021-11-01 00:00:00+00:00,92,5,11,9.0,6.0,5.0,6.666666666666667,5
2021-12-01 00:00:00+00:00,92,6,12,5.0,9.0,6.0,6.666666666666667,6
2022-01-01 00:00:00+00:00,92,1,1,6.0,5.0,9.0,6.666666666666667,1
2022-02-01 00:00:00+00:00,92,3,2,1.0,6.0,5.0,4.0,3
2022-03-01 00:00:00+00:00,92,7,3,3.0,1.0,6.0,3.3333333333333335,7
2022-04-01 00:00:00+00:00,92,3,4,7.0,3.0,1.0,3.6666666666666665,3
2022-05-01 00:00:00+00:00,92,2,5,3.0,7.0,3.0,4.333333333333333,2
2022-06-01 00:00:00+00:00,92,9,6,2.0,3.0,7.0,4.0,9
2022-07-01 00:00:00+00:00,92,3,7,9.0,2.0,3.0,4.666666666666667,3
2022-08-01 00:00:00+00:00,92,6,8,3.0,9.0,2.0,4.666666666666667,6
2022-09-01 00:00:00+00:00,92,2,9,6.0,3.0,9.0,6.0,2
2022-10-01 00:00:00+00:00,92,9,10,2.0,6.0,3.0,3.6666666666666665,9
2022-11-01 00:00:00+00:00,92,12,11,9.0,2.0,6.0,5.666666666666667,12
2022-12-01 00:00:00+00:00,92,7,12,12.0,9.0,2.0,7.666666666666667,7
2023-01-01 00:00:00+00:00,92,5,1,7.0,12.0,9.0,9.333333333333334,5
2023-02-01 00:00:00+00:00,92,8,2,5.0,7.0,12.0,8.0,8
2023-03-01 00:00:00+00:00,92,8,3,8.0,5.0,7.0,6.666666666666667,8
2023-04-01 00:00:00+00:00,92,7,4,8.0,8.0,5.0,7.0,7
2023-05-01 00:00:00+00:00,92,9,5,7.0,8.0,8.0,7.666666666666667,9
2023-06-01 00:00:00+00:00,92,2,6,9.0,7.0,8.0,8.0,2
2023-08-01 00:00:00+00:00,92,2,8,2.0,9.0,7.0,6.0,2
2023-09-01 00:00:00+00:00,92,7,9,2.0,2.0,9.0,4.333333333333333,7
2023-10-01 00:00:00+00:00,92,4,10,7.0,2.0,2.0,3.6666666666666665,4
2023-11-01 00:00:00+00:00,92,8,11,4.0,7.0,2.0,4.333333333333333,8
2023-12-01 00:00:00+00:00,92,6,12,8.0,4.0,7.0,6.333333333333333,6
2024-01-01 00:00:00+00:00,92,2,1,6.0,8.0,4.0,6.0,2
2024-02-01 00:00:00+00:00,92,3,2,2.0,6.0,8.0,5.333333333333333,3
2024-03-01 00:00:00+00:00,92,10,3,3.0,2.0,6.0,3.6666666666666665,10
2024-04-01 00:00:00+00:00,92,8,4,10.0,3.0,2.0,5.0,8
2024-05-01 00:00:00+00:00,92,15,5,8.0,10.0,3.0,7.0,15
2024-06-01 00:00:00+00:00,92,10,6,15.0,8.0,10.0,11.0,10
2024-07-01 00:00:00+00:00,92,2,7,10.0,15.0,8.0,11.0,2
2024-08-01 00:00:00+00:00,92,8,8,2.0,10.0,15.0,9.0,8
2024-09-01 00:00:00+00:00,92,4,9,8.0,2.0,10.0,6.666666666666667,4
2024-10-01 00:00:00+00:00,92,9,10,4.0,8.0,2.0,4.666666666666667,9
2024-12-01 00:00:00+00:00,92,5,12,9.0,4.0,8.0,7.0,5
2025-01-01 00:00:00+00:00,92,8,1,5.0,9.0,4.0,6.0,8
2025-02-01 00:00:00+00:00,92,7,2,8.0,5.0,9.0,7.333333333333333,7
2025-03-01 00:00:00+00:00,92,8,3,7.0,8.0,5.0,6.666666666666667,8
2025-04-01 00:00:00+00:00,92,9,4,8.0,7.0,8.0,7.666666666666667,9
2025-06-01 00:00:00+00:00,92,10,6,9.0,8.0,7.0,8.0,10
2025-07-01 00:00:00+00:00,92,5,7,10.0,9.0,8.0,9.0,5
2025-08-01 00:00:00+00:00,92,6,8,5.0,10.0,9.0,8.0,6
2025-09-01 00:00:00+00:00,92,4,9,6.0,5.0,10.0,7.0,4
2025-10-01 00:00:00+00:00,92,2,10,4.0,6.0,5.0,5.0,2
2025-11-01 00:00:00+00:00,92,2,11,2.0,4.0,6.0,4.0,2
2021-03-01 00:00:00+00:00,93,6,3,3.0,2.0,4.0,3.0,6
2021-04-01 00:00:00+00:00,93,8,4,6.0,3.0,2.0,3.6666666666666665,8
2021-05-01 00:00:00+00:00,93,8,5,8.0,6.0,3.0,5.666666666666667,8
2021-06-01 00:00:00+00:00,93,8,6,8.0,8.0,6.0,7.333333333333333,8
2021-07-01 00:00:00+00:00,93,8,7,8.0,8.0,8.0,8.0,8
2021-08-01 00:00:00+00:00,93,2,8,8.0,8.0,8.0,8.0,2
2021-09-01 00:00:00+00:00,93,2,9,2.0,8.0,8.0,6.0,2
2021-10-01 00:00:00+00:00,93,2,10,2.0,2.0,8.0,4.0,2
2021-11-01 00:00:00+00:00,93,6,11,2.0,2.0,2.0,2.0,6
2021-12-01 00:00:00+00:00,93,13,12,6.0,2.0,2.0,3.3333333333333335,13
2022-01-01 00:00:00+00:00,93,6,1,13.0,6.0,2.0,7.0,6
2022-02-01 00:00:00+00:00,93,6,2,6.0,13.0,6.0,8.333333333333334,6
2022-03-01 00:00:00+00:00,93,8,3,6.0,6.0,13.0,8.333333333333334,8
2022-04-01 00:00:00+00:00,93,3,4,8.0,6.0,6.0,6.666666666666667,3
2022-05-01 00:00:00+00:00,93,1,5,3.0,8.0,6.0,5.666666666666667,1
2022-06-01 00:00:00+00:00,93,4,6,1.0,3.0,8.0,4.0,4
2022-07-01 00:00:00+00:00,93,4,7,4.0,1.0,3.0,2.6666666666666665,4
2022-08-01 00:00:00+00:00,93,5,8,4.0,4.0,1.0,3.0,5
2022-09-01 00:00:00+00:00,93,9,9,5.0,4.0,4.0,4.333333333333333,9
2022-10-01 00:00:00+00:00,93,8,10,9.0,5.0,4.0,6.0,8
2022-11-01 00:00:00+00:00,93,2,11,8.0,9.0,5.0,7.333333333333333,2
2022-12-01 00:00:00+00:00,93,5,12,2.0,8.0,9.0,6.333333333333333,5
2023-01-01 00:00:00+00:00,93,6,1,5.0,2.0,8.0,5.0,6
2023-02-01 00:00:00+00:00,93,3,2,6.0,5.0,2.0,4.333333333333333,3
2023-03-01 00:00:00+00:00,93,9,3,3.0,6.0,5.0,4.666666666666667,9
2023-05-01 00:00:00+00:00,93,9,5,9.0,3.0,6.0,6.0,9
2023-06-01 00:00:00+00:00,93,1,6,9.0,9.0,3.0,7.0,1
2023-08-01 00:00:00+00:00,93,6,8,1.0,9.0,9.0,6.333333333333333,6
2023-09-01 00:00:00+00:00,93,6,9,6.0,1.0,9.0,5.333333333333333,6
2023-10-01 00:00:00+00:00,93,12,10,6.0,6.0,1.0,4.333333333333333,12
2023-11-01 00:00:00+00:00,93,10,11,12.0,6.0,6.0,8.0,10
2023-12-01 00:00:00+00:00,93,4,12,10.0,12.0,6.0,9.333333333333334,4
2024-01-01 00:00:00+00:00,93,8,1,4.0,10.0,12.0,8.666666666666666,8
2024-02-01 00:00:00+00:00,93,1,2,8.0,4.0,10.0,7.333333333333333,1
2024-03-01 00:00:00+00:00,93,3,3,1.0,8.0,4.0,4.333333333333333,3
2024-04-01 00:00:00+00:00,93,5,4,3.0,1.0,8.0,4.0,5
2024-05-01 00:00:00+00:00,93,10,5,5.0,3.0,1.0,3.0,10
2024-06-01 00:00:00+00:00,93,5,6,10.0,5.0,3.0,6.0,5
2024-07-01 00:00:00+00:00,93,3,7,5.0,10.0,5.0,6.666666666666667,3
2024-09-01 00:00:00+00:00,93,8,9,3.0,5.0,10.0,6.0,8
2024-10-01 00:00:00+00:00,93,3,10,8.0,3.0,5.0,5.333333333333333,3
2024-11-01 00:00:00+00:00,93,3,11,3.0,8.0,3.0,4.666666666666667,3
2024-12-01 00:00:00+00:00,93,4,12,3.0,3.0,8.0,4.666666666666667,4
2025-01-01 00:00:00+00:00,93,5,1,4.0,3.0,3.0,3.3333333333333335,5
2025-02-01 00:00:00+00:00,93,7,2,5.0,4.0,3.0,4.0,7
2025-03-01 00:00:00+00:00,93,1,3,7.0,5.0,4.0,5.333333333333333,1
2025-04-01 00:00:00+00:00,93,8,4,1.0,7.0,5.0,4.333333333333333,8
2025-05-01 00:00:00+00:00,93,5,5,8.0,1.0,7.0,5.333333333333333,5
2025-06-01 00:00:00+00:00,93,3,6,5.0,8.0,1.0,4.666666666666667,3
2025-07-01 00:00:00+00:00,93,5,7,3.0,5.0,8.0,5.333333333333333,5
2025-08-01 00:00:00+00:00,93,10,8,5.0,3.0,5.0,4.333333333333333,10
2025-09-01 00:00:00+00:00,93,4,9,10.0,5.0,3.0,6.0,4
2025-10-01 00:00:00+00:00,93,4,10,4.0,10.0,5.0,6.333333333333333,4
2021-02-01 00:00:00+00:00,94,3,2,8.0,14.0,3.0,8.333333333333334,3
2021-03-01 00:00:00+00:00,94,4,3,3.0,8.0,14.0,8.333333333333334,4
2021-04-01 00:00:00+00:00,94,5,4,4.0,3.0,8.0,5.0,5
2021-06-01 00:00:00+00:00,94,4,6,5.0,4.0,3.0,4.0,4
2021-07-01 00:00:00+00:00,94,13,7,4.0,5.0,4.0,4.333333333333333,13
2021-08-01 00:00:00+00:00,94,9,8,13.0,4.0,5.0,7.333333333333333,9
2021-09-01 00:00:00+00:00,94,6,9,9.0,13.0,4.0,8.666666666666666,6
2021-10-01 00:00:00+00:00,94,9,10,6.0,9.0,13.0,9.333333333333334,9
2021-11-01 00:00:00+00:00,94,10,11,9.0,6.0,9.0,8.0,10
2021-12-01 00:00:00+00:00,94,4,12,10.0,9.0,6.0,8.333333333333334,4
2022-01-01 00:00:00+00:00,94,11,1,4.0,10.0,9.0,7.666666666666667,11
2022-02-01 00:00:00+00:00,94,10,2,11.0,4.0,10.0,8.333333333333334,10
2022-03-01 00:00:00+00:00,94,2,3,10.0,11.0,4.0,8.333333333333334,2
2022-05-01 00:00:00+00:00,94,2,5,2.0,10.0,11.0,7.666666666666667,2
2022-06-01 00:00:00+00:00,94,15,6,2.0,2.0,10.0,4.666666666666667,15
2022-07-01 00:00:00+00:00,94,3,7,15.0,2.0,2.0,6.333333333333333,3
2022-08-01 00:00:00+00:00,94,3,8,3.0,15.0,2.0,6.666666666666667,3
2022-09-01 00:00:00+00:00,94,5,9,3.0,3.0,15.0,7.0,5
2022-10-01 00:00:00+00:00,94,3,10,5.0,3.0,3.0,3.6666666666666665,3
2022-12-01 00:00:00+00:00,94,5,12,3.0,5.0,3.0,3.6666666666666665,5
2023-01-01 00:00:00+00:00,94,4,1,5.0,3.0,5.0,4.333333333333333,4
2023-02-01 00:00:00+00:00,94,12,2,4.0,5.0,3.0,4.0,12
2023-03-01 00:00:00+00:00,94,6,3,12.0,4.0,5.0,7.0,6
2023-04-01 00:00:00+00:00,94,3,4,6.0,12.0,4.0,7.333333333333333,3
2023-06-01 00:00:00+00:00,94,2,6,3.0,6.0,12.0,7.0,2
2023-07-01 00:00:00+00:00,94,3,7,2.0,3.0,6.0,3.6666666666666665,3
2023-08-01 00:00:00+00:00,94,8,8,3.0,2.0,3.0,2.6666666666666665,8
2023-09-01 00:00:00+00:00,94,11,9,8.0,3.0,2.0,4.333333333333333,11
2023-10-01 00:00:00+00:00,94,7,10,11.0,8.0,3.0,7.333333333333333,7
2023-11-01 00:00:00+00:00,94,5,11,7.0,11.0,8.0,8.666666666666666,5
2023-12-01 00:00:00+00:00,94,2,12,5.0,7.0,11.0,7.666666666666667,2
2024-01-01 00:00:00+00:00,94,3,1,2.0,5.0,7.0,4.666666666666667,3
2024-02-01 00:00:00+00:00,94,3,2,3.0,2.0,5.0,3.3333333333333335,3
2024-03-01 00:00:00+00:00,94,3,3,3.0,3.0,2.0,2.6666666666666665,3
2024-04-01 00:00:00+00:00,94,6,4,3.0,3.0,3.0,3.0,6
2024-05-01 00:00:00+00:00,94,6,5,6.0,3.0,3.0,4.0,6
2024-07-01 00:00:00+00:00,94,5,7,6.0,6.0,3.0,5.0,5
2024-08-01 00:00:00+00:00,94,9,8,5.0,6.0,6.0,5.666666666666667,9
2024-09-01 00:00:00+00:00,94,3,9,9.0,5.0,6.0,6.666666666666667,3
2024-11-01 00:00:00+00:00,94,7,11,3.0,9.0,5.0,5.666666666666667,7
2024-12-01 00:00:00+00:00,94,7,12,7.0,3.0,9.0,6.333333333333333,7
2025-01-01 00:00:00+00:00,94,11,1,7.0,7.0,3.0,5.666666666666667,11
2025-03-01 00:00:00+00:00,94,7,3,11.0,7.0,7.0,8.333333333333334,7
2025-04-01 00:00:00+00:00,94,1,4,7.0,11.0,7.0,8.333333333333334,1
2025-05-01 00:00:00+00:00,94,7,5,1.0,7.0,11.0,6.333333333333333,7
2025-06-01 00:00:00+00:00,94,6,6,7.0,1.0,7.0,5.0,6
2025-07-01 00:00:00+00:00,94,2,7,6.0,7.0,1.0,4.666666666666667,2
2025-08-01 00:00:00+00:00,94,4,8,2.0,6.0,7.0,5.0,4
2025-09-01 00:00:00+00:00,94,5,9,4.0,2.0,6.0,4.0,5
2025-11-01 00:00:00+00:00,94,8,11,5.0,4.0,2.0,3.6666666666666665,8
2021-04-01 00:00:00+00:00,95,9,4,4.0,2.0,6.0,4.0,9
2021-05-01 00:00:00+00:00,95,4,5,9.0,4.0,2.0,5.0,4
2021-06-01 00:00:00+00:00,95,7,6,4.0,9.0,4.0,5.666666666666667,7
2021-07-01 00:00:00+00:00,95,4,7,7.0,4.0,9.0,6.666666666666667,4
2021-08-01 00:00:00+00:00,95,8,8,4.0,7.0,4.0,5.0,8
2021-09-01 00:00:00+00:00,95,7,9,8.0,4.0,7.0,6.333333333333333,7
2021-10-01 00:00:00+00:00,95,3,10,7.0,8.0,4.0,6.333333333333333,3
2021-11-01 00:00:00+00:00,95,1,11,3.0,7.0,8.0,6.0,1
2021-12-01 00:00:00+00:00,95,6,12,1.0,3.0,7.0,3.6666666666666665,6
2022-01-01 00:00:00+00:00,95,5,1,6.0,1.0,3.0,3.3333333333333335,5
2022-02-01 00:00:00+00:00,95,8,2,5.0,6.0,1.0,4.0,8
2022-04-01 00:00:00+00:00,95,1,4,8.0,5.0,6.0,6.333333333333333,1
2022-05-01 00:00:00+00:00,95,3,5,1.0,8.0,5.0,4.666666666666667,3
2022-06-01 00:00:00+00:00,95,3,6,3.0,1.0,8.0,4.0,3
2022-09-01 00:00:00+00:00,95,6,9,3.0,3.0,1.0,2.3333333333333335,6
2022-10-01 00:00:00+00:00,95,2,10,6.0,3.0,3.0,4.0,2
2022-11-01 00:00:00+00:00,95,2,11,2.0,6.0,3.0,3.6666666666666665,2
2022-12-01 00:00:00+00:00,95,1,12,2.0,2.0,6.0,3.3333333333333335,1
2023-01-01 00:00:00+00:00,95,6,1,1.0,2.0,2.0,1.6666666666666667,6
2023-02-01 00:00:00+00:00,95,3,2,6.0,1.0,2.0,3.0,3
2023-03-01 00:00:00+00:00,95,7,3,3.0,6.0,1.0,3.3333333333333335,7
2023-04-01 00:00:00+00:00,95,2,4,7.0,3.0,6.0,5.333333333333333,2
2023-06-01 00:00:00+00:00,95,7,6,2.0,7.0,3.0,4.0,7
2023-07-01 00:00:00+00:00,95,9,7,7.0,2.0,7.0,5.333333333333333,9
2023-08-01 00:00:00+00:00,95,8,8,9.0,7.0,2.0,6.0,8
2023-09-01 00:00:00+00:00,95,4,9,8.0,9.0,7.0,8.0,4
2023-10-01 00:00:00+00:00,95,11,10,4.0,8.0,9.0,7.0,11
2023-11-01 00:00:00+00:00,95,3,11,11.0,4.0,8.0,7.666666666666667,3
2023-12-01 00:00:00+00:00,95,3,12,3.0,11.0,4.0,6.0,3
2024-01-01 00:00:00+00:00,95,3,1,3.0,3.0,11.0,5.666666666666667,3
2024-02-01 00:00:00+00:00,95,9,2,3.0,3.0,3.0,3.0,9
2024-03-01 00:00:00+00:00,95,3,3,9.0,3.0,3.0,5.0,3
2024-04-01 00:00:00+00:00,95,3,4,3.0,9.0,3.0,5.0,3
2024-05-01 00:00:00+00:00,95,6,5,3.0,3.0,9.0,5.0,6
2024-06-01 00:00:00+00:00,95,2,6,6.0,3.0,3.0,4.0,2
2024-07-01 00:00:00+00:00,95,5,7,2.0,6.0,3.0,3.6666666666666665,5
2024-08-01 00:00:00+00:00,95,4,8,5.0,2.0,6.0,4.333333333333333,4
2024-09-01 00:00:00+00:00,95,8,9,4.0,5.0,2.0,3.6666666666666665,8
2024-10-01 00:00:00+00:00,95,10,10,8.0,4.0,5.0,5.666666666666667,10
2024-12-01 00:00:00+00:00,95,3,12,10.0,8.0,4.0,7.333333333333333,3
2025-01-01 00:00:00+00:00,95,4,1,3.0,10.0,8.0,7.0,4
2025-02-01 00:00:00+00:00,95,1,2,4.0,3.0,10.0,5.666666666666667,1
2025-03-01 00:00:00+00:00,95,8,3,1.0,4.0,3.0,2.6666666666666665,8
2025-04-01 00:00:00+00:00,95,12,4,8.0,1.0,4.0,4.333333333333333,12
2025-05-01 00:00:00+00:00,95,2,5,12.0,8.0,1.0,7.0,2
2025-06-01 00:00:00+00:00,95,5,6,2.0,12.0,8.0,7.333333333333333,5
2025-07-01 00:00:00+00:00,95,3,7,5.0,2.0,12.0,6.333333333333333,3
2025-08-01 00:00:00+00:00,95,12,8,3.0,5.0,2.0,3.3333333333333335,12
2025-09-01 00:00:00+00:00,95,7,9,12.0,3.0,5.0,6.666666666666667,7
2025-10-01 00:00:00+00:00,95,5,10,7.0,12.0,3.0,7.333333333333333,5
2021-02-01 00:00:00+00:00,96,1,2,9.0,6.0,3.0,6.0,1
2021-03-01 00:00:00+00:00,96,4,3,1.0,9.0,6.0,5.333333333333333,4
2021-04-01 00:00:00+00:00,96,3,4,4.0,1.0,9.0,4.666666666666667,3
2021-06-01 00:00:00+00:00,96,3,6,3.0,4.0,1.0,2.6666666666666665,3
2021-07-01 00:00:00+00:00,96,6,7,3.0,3.0,4.0,3.3333333333333335,6
2021-08-01 00:00:00+00:00,96,15,8,6.0,3.0,3.0,4.0,15
2021-09-01 00:00:00+00:00,96,3,9,15.0,6.0,3.0,8.0,3
2021-10-01 00:00:00+00:00,96,2,10,3.0,15.0,6.0,8.0,2
2021-11-01 00:00:00+00:00,96,7,11,2.0,3.0,15.0,6.666666666666667,7
2021-12-01 00:00:00+00:00,96,4,12,7.0,2.0,3.0,4.0,4
2022-01-01 00:00:00+00:00,96,5,1,4.0,7.0,2.0,4.333333333333333,5
2022-02-01 00:00:00+00:00,96,9,2,5.0,4.0,7.0,5.333333333333333,9
2022-03-01 00:00:00+00:00,96,4,3,9.0,5.0,4.0,6.0,4
2022-04-01 00:00:00+00:00,96,7,4,4.0,9.0,5.0,6.0,7
2022-05-01 00:00:00+00:00,96,4,5,7.0,4.0,9.0,6.666666666666667,4
2022-06-01 00:00:00+00:00,96,11,6,4.0,7.0,4.0,5.0,11
2022-07-01 00:00:00+00:00,96,2,7,11.0,4.0,7.0,7.333333333333333,2
2022-08-01 00:00:00+00:00,96,4,8,2.0,11.0,4.0,5.666666666666667,4
2022-09-01 00:00:00+00:00,96,7,9,4.0,2.0,11.0,5.666666666666667,7
2022-10-01 00:00:00+00:00,96,2,10,7.0,4.0,2.0,4.333333333333333,2
2022-11-01 00:00:00+00:00,96,4,11,2.0,7.0,4.0,4.333333333333333,4
2022-12-01 00:00:00+00:00,96,2,12,4.0,2.0,7.0,4.333333333333333,2
2023-01-01 00:00:00+00:00,96,4,1,2.0,4.0,2.0,2.6666666666666665,4
2023-02-01 00:00:00+00:00,96,8,2,4.0,2.0,4.0,3.3333333333333335,8
2023-03-01 00:00:00+00:00,96,5,3,8.0,4.0,2.0,4.666666666666667,5
2023-04-01 00:00:00+00:00,96,5,4,5.0,8.0,4.0,5.666666666666667,5
2023-05-01 00:00:00+00:00,96,3,5,5.0,5.0,8.0,6.0,3
2023-06-01 00:00:00+00:00,96,3,6,3.0,5.0,5.0,4.333333333333333,3
2023-07-01 00:00:00+00:00,96,6,7,3.0,3.0,5.0,3.6666666666666665,6
2023-08-01 00:00:00+00:00,96,5,8,6.0,3.0,3.0,4.0,5
2023-09-01 00:00:00+00:00,96,2,9,5.0,6.0,3.0,4.666666666666667,2
2023-10-01 00:00:00+00:00,96,5,10,2.0,5.0,6.0,4.333333333333333,5
2023-11-01 00:00:00+00:00,96,7,11,5.0,2.0,5.0,4.0,7
2023-12-01 00:00:00+00:00,96,2,12,7.0,5.0,2.0,4.666666666666667,2
2024-01-01 00:00:00+00:00,96,9,1,2.0,7.0,5.0,4.666666666666667,9
2024-02-01 00:00:00+00:00,96,13,2,9.0,2.0,7.0,6.0,13
2024-03-01 00:00:00+00:00,96,1,3,13.0,9.0,2.0,8.0,1
2024-04-01 00:00:00+00:00,96,3,4,1.0,13.0,9.0,7.666666666666667,3
2024-05-01 00:00:00+00:00,96,5,5,3.0,1.0,13.0,5.666666666666667,5
2024-06-01 00:00:00+00:00,96,2,6,5.0,3.0,1.0,3.0,2
2024-08-01 00:00:00+00:00,96,4,8,2.0,5.0,3.0,3.3333333333333335,4
2024-09-01 00:00:00+00:00,96,5,9,4.0,2.0,5.0,3.6666666666666665,5
2024-10-01 00:00:00+00:00,96,4,10,5.0,4.0,2.0,3.6666666666666665,4
2024-11-01 00:00:00+00:00,96,14,11,4.0,5.0,4.0,4.333333333333333,14
2025-01-01 00:00:00+00:00,96,12,1,14.0,4.0,5.0,7.666666666666667,12
2025-02-01 00:00:00+00:00,96,2,2,12.0,14.0,4.0,10.0,2
2025-03-01 00:00:00+00:00,96,2,3,2.0,12.0,14.0,9.333333333333334,2
2025-04-01 00:00:00+00:00,96,2,4,2.0,2.0,12.0,5.333333333333333,2
2025-05-01 00:00:00+00:00,96,5,5,2.0,2.0,2.0,2.0,5
2025-06-01 00:00:00+00:00,96,5,6,5.0,2.0,2.0,3.0,5
2025-07-01 00:00:00+00:00,96,6,7,5.0,5.0,2.0,4.0,6
2025-08-01 00:00:00+00:00,96,6,8,6.0,5.0,5.0,5.333333333333333,6
2025-09-01 00:00:00+00:00,96,3,9,6.0,6.0,5.0,5.666666666666667,3
2025-10-01 00:00:00+00:00,96,1,10,3.0,6.0,6.0,5.0,1
2025-11-01 00:00:00+00:00,96,5,11,1.0,3.0,6.0,3.3333333333333335,5
2021-02-01 00:00:00+00:00,97,3,2,7.0,6.0,7.0,6.666666666666667,3
2021-03-01 00:00:00+00:00,97,4,3,3.0,7.0,6.0,5.333333333333333,4
2021-04-01 00:00:00+00:00,97,3,4,4.0,3.0,7.0,4.666666666666667,3
2021-05-01 00:00:00+00:00,97,2,5,3.0,4.0,3.0,3.3333333333333335,2
2021-06-01 00:00:00+00:00,97,4,6,2.0,3.0,4.0,3.0,4
2021-07-01 00:00:00+00:00,97,9,7,4.0,2.0,3.0,3.0,9
2021-08-01 00:00:00+00:00,97,2,8,9.0,4.0,2.0,5.0,2
2021-09-01 00:00:00+00:00,97,1,9,2.0,9.0,4.0,5.0,1
2021-10-01 00:00:00+00:00,97,1,10,1.0,2.0,9.0,4.0,1
2021-11-01 00:00:00+00:00,97,17,11,1.0,1.0,2.0,1.3333333333333333,17
2021-12-01 00:00:00+00:00,97,6,12,17.0,1.0,1.0,6.333333333333333,6
2022-01-01 00:00:00+00:00,97,1,1,6.0,17.0,1.0,8.0,1
2022-02-01 00:00:00+00:00,97,8,2,1.0,6.0,17.0,8.0,8
2022-04-01 00:00:00+00:00,97,2,4,8.0,1.0,6.0,5.0,2
2022-05-01 00:00:00+00:00,97,3,5,2.0,8.0,1.0,3.6666666666666665,3
2022-06-01 00:00:00+00:00,97,8,6,3.0,2.0,8.0,4.333333333333333,8
2022-07-01 00:00:00+00:00,97,3,7,8.0,3.0,2.0,4.333333333333333,3
2022-08-01 00:00:00+00:00,97,9,8,3.0,8.0,3.0,4.666666666666667,9
2022-09-01 00:00:00+00:00,97,4,9,9.0,3.0,8.0,6.666666666666667,4
2022-10-01 00:00:00+00:00,97,17,10,4.0,9.0,3.0,5.333333333333333,17
2022-11-01 00:00:00+00:00,97,5,11,17.0,4.0,9.0,10.0,5
2022-12-01 00:00:00+00:00,97,2,12,5.0,17.0,4.0,8.666666666666666,2
2023-01-01 00:00:00+00:00,97,9,1,2.0,5.0,17.0,8.0,9
2023-03-01 00:00:00+00:00,97,11,3,9.0,2.0,5.0,5.333333333333333,11
2023-04-01 00:00:00+00:00,97,10,4,11.0,9.0,2.0,7.333333333333333,10
2023-05-01 00:00:00+00:00,97,3,5,10.0,11.0,9.0,10.0,3
2023-06-01 00:00:00+00:00,97,1,6,3.0,10.0,11.0,8.0,1
2023-07-01 00:00:00+00:00,97,6,7,1.0,3.0,10.0,4.666666666666667,6
2023-08-01 00:00:00+00:00,97,7,8,6.0,1.0,3.0,3.3333333333333335,7
2023-09-01 00:00:00+00:00,97,6,9,7.0,6.0,1.0,4.666666666666667,6
2023-10-01 00:00:00+00:00,97,4,10,6.0,7.0,6.0,6.333333333333333,4
2023-11-01 00:00:00+00:00,97,1,11,4.0,6.0,7.0,5.666666666666667,1
2023-12-01 00:00:00+00:00,97,8,12,1.0,4.0,6.0,3.6666666666666665,8
2024-01-01 00:00:00+00:00,97,5,1,8.0,1.0,4.0,4.333333333333333,5
2024-03-01 00:00:00+00:00,97,1,3,5.0,8.0,1.0,4.666666666666667,1
2024-04-01 00:00:00+00:00,97,6,4,1.0,5.0,8.0,4.666666666666667,6
2024-05-01 00:00:00+00:00,97,6,5,6.0,1.0,5.0,4.0,6
2024-06-01 00:00:00+00:00,97,3,6,6.0,6.0,1.0,4.333333333333333,3
2024-07-01 00:00:00+00:00,97,4,7,3.0,6.0,6.0,5.0,4
2024-08-01 00:00:00+00:00,97,7,8,4.0,3.0,6.0,4.333333333333333,7
2024-09-01 00:00:00+00:00,97,2,9,7.0,4.0,3.0,4.666666666666667,2
2024-10-01 00:00:00+00:00,97,3,10,2.0,7.0,4.0,4.333333333333333,3
2024-12-01 00:00:00+00:00,97,2,12,3.0,2.0,7.0,4.0,2
2025-01-01 00:00:00+00:00,97,5,1,2.0,3.0,2.0,2.3333333333333335,5
2025-02-01 00:00:00+00:00,97,4,2,5.0,2.0,3.0,3.3333333333333335,4
2025-03-01 00:00:00+00:00,97,7,3,4.0,5.0,2.0,3.6666666666666665,7
2025-04-01 00:00:00+00:00,97,7,4,7.0,4.0,5.0,5.333333333333333,7
2025-05-01 00:00:00+00:00,97,5,5,7.0,7.0,4.0,6.0,5
2025-06-01 00:00:00+00:00,97,3,6,5.0,7.0,7.0,6.333333333333333,3
2025-07-01 00:00:00+00:00,97,3,7,3.0,5.0,7.0,5.0,3
2025-08-01 00:00:00+00:00,97,5,8,3.0,3.0,5.0,3.6666666666666665,5
2025-09-01 00:00:00+00:00,97,4,9,5.0,3.0,3.0,3.6666666666666665,4
2025-10-01 00:00:00+00:00,97,7,10,4.0,5.0,3.0,4.0,7
2021-03-01 00:00:00+00:00,98,14,3,6.0,5.0,6.0,5.666666666666667,14
2021-04-01 00:00:00+00:00,98,6,4,14.0,6.0,5.0,8.333333333333334,6
2021-05-01 00:00:00+00:00,98,9,5,6.0,14.0,6.0,8.666666666666666,9
2021-06-01 00:00:00+00:00,98,6,6,9.0,6.0,14.0,9.666666666666666,6
2021-07-01 00:00:00+00:00,98,6,7,6.0,9.0,6.0,7.0,6
2021-08-01 00:00:00+00:00,98,4,8,6.0,6.0,9.0,7.0,4
2021-09-01 00:00:00+00:00,98,9,9,4.0,6.0,6.0,5.333333333333333,9
2021-10-01 00:00:00+00:00,98,4,10,9.0,4.0,6.0,6.333333333333333,4
2021-12-01 00:00:00+00:00,98,3,12,4.0,9.0,4.0,5.666666666666667,3
2022-01-01 00:00:00+00:00,98,2,1,3.0,4.0,9.0,5.333333333333333,2
2022-02-01 00:00:00+00:00,98,2,2,2.0,3.0,4.0,3.0,2
2022-03-01 00:00:00+00:00,98,2,3,2.0,2.0,3.0,2.3333333333333335,2
2022-04-01 00:00:00+00:00,98,6,4,2.0,2.0,2.0,2.0,6
2022-05-01 00:00:00+00:00,98,9,5,6.0,2.0,2.0,3.3333333333333335,9
2022-06-01 00:00:00+00:00,98,4,6,9.0,6.0,2.0,5.666666666666667,4
2022-07-01 00:00:00+00:00,98,6,7,4.0,9.0,6.0,6.333333333333333,6
2022-08-01 00:00:00+00:00,98,17,8,6.0,4.0,9.0,6.333333333333333,17
2022-09-01 00:00:00+00:00,98,5,9,17.0,6.0,4.0,9.0,5
2022-10-01 00:00:00+00:00,98,4,10,5.0,17.0,6.0,9.333333333333334,4
2022-11-01 00:00:00+00:00,98,5,11,4.0,5.0,17.0,8.666666666666666,5
2022-12-01 00:00:00+00:00,98,6,12,5.0,4.0,5.0,4.666666666666667,6
2023-01-01 00:00:00+00:00,98,7,1,6.0,5.0,4.0,5.0,7
2023-02-01 00:00:00+00:00,98,8,2,7.0,6.0,5.0,6.0,8
2023-03-01 00:00:00+00:00,98,9,3,8.0,7.0,6.0,7.0,9
2023-04-01 00:00:00+00:00,98,11,4,9.0,8.0,7.0,8.0,11
2023-05-01 00:00:00+00:00,98,10,5,11.0,9.0,8.0,9.333333333333334,10
2023-06-01 00:00:00+00:00,98,2,6,10.0,11.0,9.0,10.0,2
2023-08-01 00:00:00+00:00,98,7,8,2.0,10.0,11.0,7.666666666666667,7
2023-09-01 00:00:00+00:00,98,1,9,7.0,2.0,10.0,6.333333333333333,1
2023-10-01 00:00:00+00:00,98,9,10,1.0,7.0,2.0,3.3333333333333335,9
2023-11-01 00:00:00+00:00,98,8,11,9.0,1.0,7.0,5.666666666666667,8
2023-12-01 00:00:00+00:00,98,8,12,8.0,9.0,1.0,6.0,8
2024-01-01 00:00:00+00:00,98,12,1,8.0,8.0,9.0,8.333333333333334,12
2024-02-01 00:00:00+00:00,98,3,2,12.0,8.0,8.0,9.333333333333334,3
2024-04-01 00:00:00+00:00,98,4,4,3.0,12.0,8.0,7.666666666666667,4
2024-06-01 00:00:00+00:00,98,2,6,4.0,3.0,12.0,6.333333333333333,2
2024-07-01 00:00:00+00:00,98,1,7,2.0,4.0,3.0,3.0,1
2024-08-01 00:00:00+00:00,98,2,8,1.0,2.0,4.0,2.3333333333333335,2
2024-09-01 00:00:00+00:00,98,6,9,2.0,1.0,2.0,1.6666666666666667,6
2024-10-01 00:00:00+00:00,98,7,10,6.0,2.0,1.0,3.0,7
2024-11-01 00:00:00+00:00,98,4,11,7.0,6.0,2.0,5.0,4
2024-12-01 00:00:00+00:00,98,5,12,4.0,7.0,6.0,5.666666666666667,5
2025-01-01 00:00:00+00:00,98,7,1,5.0,4.0,7.0,5.333333333333333,7
2025-02-01 00:00:00+00:00,98,4,2,7.0,5.0,4.0,5.333333333333333,4
2025-04-01 00:00:00+00:00,98,10,4,4.0,7.0,5.0,5.333333333333333,10
2025-05-01 00:00:00+00:00,98,3,5,10.0,4.0,7.0,7.0,3
2025-06-01 00:00:00+00:00,98,8,6,3.0,10.0,4.0,5.666666666666667,8
2025-07-01 00:00:00+00:00,98,7,7,8.0,3.0,10.0,7.0,7
2025-08-01 00:00:00+00:00,98,11,8,7.0,8.0,3.0,6.0,11
2025-09-01 00:00:00+00:00,98,2,9,11.0,7.0,8.0,8.666666666666666,2
2025-10-01 00:00:00+00:00,98,2,10,2.0,11.0,7.0,6.666666666666667,2
2025-11-01 00:00:00+00:00,98,2,11,2.0,2.0,11.0,5.0,2
2021-02-01 00:00:00+00:00,99,11,2,3.0,7.0,3.0,4.333333333333333,11
2021-03-01 00:00:00+00:00,99,9,3,11.0,3.0,7.0,7.0,9
2021-04-01 00:00:00+00:00,99,1,4,9.0,11.0,3.0,7.666666666666667,1
2021-05-01 00:00:00+00:00,99,5,5,1.0,9.0,11.0,7.0,5
2021-06-01 00:00:00+00:00,99,4,6,5.0,1.0,9.0,5.0,4
2021-08-01 00:00:00+00:00,99,2,8,4.0,5.0,1.0,3.3333333333333335,2
2021-09-01 00:00:00+00:00,99,5,9,2.0,4.0,5.0,3.6666666666666665,5
2021-10-01 00:00:00+00:00,99,10,10,5.0,2.0,4.0,3.6666666666666665,10
2021-11-01 00:00:00+00:00,99,5,11,10.0,5.0,2.0,5.666666666666667,5
2021-12-01 00:00:00+00:00,99,8,12,5.0,10.0,5.0,6.666666666666667,8
2022-01-01 00:00:00+00:00,99,3,1,8.0,5.0,10.0,7.666666666666667,3
2022-02-01 00:00:00+00:00,99,11,2,3.0,8.0,5.0,5.333333333333333,11
2022-03-01 00:00:00+00:00,99,3,3,11.0,3.0,8.0,7.333333333333333,3
2022-04-01 00:00:00+00:00,99,9,4,3.0,11.0,3.0,5.666666666666667,9
2022-05-01 00:00:00+00:00,99,7,5,9.0,3.0,11.0,7.666666666666667,7
2022-06-01 00:00:00+00:00,99,2,6,7.0,9.0,3.0,6.333333333333333,2
2022-08-01 00:00:00+00:00,99,1,8,2.0,7.0,9.0,6.0,1
2022-09-01 00:00:00+00:00,99,5,9,1.0,2.0,7.0,3.3333333333333335,5
2022-10-01 00:00:00+00:00,99,14,10,5.0,1.0,2.0,2.6666666666666665,14
2022-11-01 00:00:00+00:00,99,3,11,14.0,5.0,1.0,6.666666666666667,3
2022-12-01 00:00:00+00:00,99,7,12,3.0,14.0,5.0,7.333333333333333,7
2023-01-01 00:00:00+00:00,99,2,1,7.0,3.0,14.0,8.0,2
2023-02-01 00:00:00+00:00,99,4,2,2.0,7.0,3.0,4.0,4
2023-03-01 00:00:00+00:00,99,1,3,4.0,2.0,7.0,4.333333333333333,1
2023-04-01 00:00:00+00:00,99,2,4,1.0,4.0,2.0,2.3333333333333335,2
2023-07-01 00:00:00+00:00,99,6,7,2.0,1.0,4.0,2.3333333333333335,6
2023-08-01 00:00:00+00:00,99,8,8,6.0,2.0,1.0,3.0,8
2023-09-01 00:00:00+00:00,99,6,9,8.0,6.0,2.0,5.333333333333333,6
2023-10-01 00:00:00+00:00,99,10,10,6.0,8.0,6.0,6.666666666666667,10
2023-11-01 00:00:00+00:00,99,9,11,10.0,6.0,8.0,8.0,9
2023-12-01 00:00:00+00:00,99,6,12,9.0,10.0,6.0,8.333333333333334,6
2024-01-01 00:00:00+00:00,99,8,1,6.0,9.0,10.0,8.333333333333334,8
2024-02-01 00:00:00+00:00,99,6,2,8.0,6.0,9.0,7.666666666666667,6
2024-03-01 00:00:00+00:00,99,10,3,6.0,8.0,6.0,6.666666666666667,10
2024-04-01 00:00:00+00:00,99,2,4,10.0,6.0,8.0,8.0,2
2024-05-01 00:00:00+00:00,99,7,5,2.0,10.0,6.0,6.0,7
2024-06-01 00:00:00+00:00,99,4,6,7.0,2.0,10.0,6.333333333333333,4
2024-08-01 00:00:00+00:00,99,2,8,4.0,7.0,2.0,4.333333333333333,2
2024-09-01 00:00:00+00:00,99,2,9,2.0,4.0,7.0,4.333333333333333,2
2024-10-01 00:00:00+00:00,99,7,10,2.0,2.0,4.0,2.6666666666666665,7
2024-12-01 00:00:00+00:00,99,5,12,7.0,2.0,2.0,3.6666666666666665,5
2025-01-01 00:00:00+00:00,99,8,1,5.0,7.0,2.0,4.666666666666667,8
2025-02-01 00:00:00+00:00,99,6,2,8.0,5.0,7.0,6.666666666666667,6
2025-03-01 00:00:00+00:00,99,5,3,6.0,8.0,5.0,6.333333333333333,5
2025-04-01 00:00:00+00:00,99,4,4,5.0,6.0,8.0,6.333333333333333,4
2025-05-01 00:00:00+00:00,99,3,5,4.0,5.0,6.0,5.0,3
2025-06-01 00:00:00+00:00,99,3,6,3.0,4.0,5.0,4.0,3
2025-07-01 00:00:00+00:00,99,2,7,3.0,3.0,4.0,3.3333333333333335,2
2025-08-01 00:00:00+00:00,99,3,8,2.0,3.0,3.0,2.6666666666666665,3
2025-09-01 00:00:00+00:00,99,5,9,3.0,2.0,3.0,2.6666666666666665,5
2021-02-01 00:00:00+00:00,100,3,2,3.0,1.0,3.0,2.3333333333333335,3
2021-03-01 00:00:00+00:00,100,3,3,3.0,3.0,1.0,2.3333333333333335,3
2021-04-01 00:00:00+00:00,100,2,4,3.0,3.0,3.0,3.0,2
2021-05-01 00:00:00+00:00,100,7,5,2.0,3.0,3.0,2.6666666666666665,7
2021-06-01 00:00:00+00:00,100,5,6,7.0,2.0,3.0,4.0,5
2021-08-01 00:00:00+00:00,100,8,8,5.0,7.0,2.0,4.666666666666667,8
2021-09-01 00:00:00+00:00,100,6,9,8.0,5.0,7.0,6.666666666666667,6
2021-10-01 00:00:00+00:00,100,10,10,6.0,8.0,5.0,6.333333333333333,10
2021-11-01 00:00:00+00:00,100,3,11,10.0,6.0,8.0,8.0,3
2021-12-01 00:00:00+00:00,100,4,12,3.0,10.0,6.0,6.333333333333333,4
2022-01-01 00:00:00+00:00,100,1,1,4.0,3.0,10.0,5.666666666666667,1
2022-02-01 00:00:00+00:00,100,2,2,1.0,4.0,3.0,2.6666666666666665,2
2022-03-01 00:00:00+00:00,100,5,3,2.0,1.0,4.0,2.3333333333333335,5
2022-04-01 00:00:00+00:00,100,1,4,5.0,2.0,1.0,2.6666666666666665,1
2022-07-01 00:00:00+00:00,100,4,7,1.0,5.0,2.0,2.6666666666666665,4
2022-08-01 00:00:00+00:00,100,8,8,4.0,1.0,5.0,3.3333333333333335,8
2022-09-01 00:00:00+00:00,100,8,9,8.0,4.0,1.0,4.333333333333333,8
2022-11-01 00:00:00+00:00,100,5,11,8.0,8.0,4.0,6.666666666666667,5
2022-12-01 00:00:00+00:00,100,4,12,5.0,8.0,8.0,7.0,4
2023-01-01 00:00:00+00:00,100,12,1,4.0,5.0,8.0,5.666666666666667,12
2023-02-01 00:00:00+00:00,100,2,2,12.0,4.0,5.0,7.0,2
2023-03-01 00:00:00+00:00,100,7,3,2.0,12.0,4.0,6.0,7
2023-04-01 00:00:00+00:00,100,5,4,7.0,2.0,12.0,7.0,5
2023-05-01 00:00:00+00:00,100,4,5,5.0,7.0,2.0,4.666666666666667,4
2023-06-01 00:00:00+00:00,100,4,6,4.0,5.0,7.0,5.333333333333333,4
2023-07-01 00:00:00+00:00,100,3,7,4.0,4.0,5.0,4.333333333333333,3
2023-08-01 00:00:00+00:00,100,1,8,3.0,4.0,4.0,3.6666666666666665,1
2023-09-01 00:00:00+00:00,100,4,9,1.0,3.0,4.0,2.6666666666666665,4
2023-10-01 00:00:00+00:00,100,6,10,4.0,1.0,3.0,2.6666666666666665,6
2023-11-01 00:00:00+00:00,100,12,11,6.0,4.0,1.0,3.6666666666666665,12
2023-12-01 00:00:00+00:00,100,5,12,12.0,6.0,4.0,7.333333333333333,5
2024-01-01 00:00:00+00:00,100,3,1,5.0,12.0,6.0,7.666666666666667,3
2024-02-01 00:00:00+00:00,100,4,2,3.0,5.0,12.0,6.666666666666667,4
2024-03-01 00:00:00+00:00,100,4,3,4.0,3.0,5.0,4.0,4
2024-04-01 00:00:00+00:00,100,6,4,4.0,4.0,3.0,3.6666666666666665,6
2024-05-01 00:00:00+00:00,100,1,5,6.0,4.0,4.0,4.666666666666667,1
2024-06-01 00:00:00+00:00,100,3,6,1.0,6.0,4.0,3.6666666666666665,3
2024-07-01 00:00:00+00:00,100,7,7,3.0,1.0,6.0,3.3333333333333335,7
2024-08-01 00:00:00+00:00,100,4,8,7.0,3.0,1.0,3.6666666666666665,4
2024-09-01 00:00:00+00:00,100,14,9,4.0,7.0,3.0,4.666666666666667,14
2024-10-01 00:00:00+00:00,100,5,10,14.0,4.0,7.0,8.333333333333334,5
2024-11-01 00:00:00+00:00,100,3,11,5.0,14.0,4.0,7.666666666666667,3
2024-12-01 00:00:00+00:00,100,8,12,3.0,5.0,14.0,7.333333333333333,8
2025-01-01 00:00:00+00:00,100,3,1,8.0,3.0,5.0,5.333333333333333,3
2025-02-01 00:00:00+00:00,100,4,2,3.0,8.0,3.0,4.666666666666667,4
2025-03-01 00:00:00+00:00,100,4,3,4.0,3.0,8.0,5.0,4
2025-04-01 00:00:00+00:00,100,1,4,4.0,4.0,3.0,3.6666666666666665,1
2025-06-01 00:00:00+00:00,100,7,6,1.0,4.0,4.0,3.0,7
2025-07-01 00:00:00+00:00,100,2,7,7.0,1.0,4.0,4.0,2
2025-08-01 00:00:00+00:00,100,7,8,2.0,7.0,1.0,3.3333333333333335,7
2025-11-01 00:00:00+00:00,100,3,11,7.0,2.0,7.0,5.333333333333333,3
